t_s,d1_m,d2_m,vs_mps,vus_mps,u_N,road_amp_m,road_freq_rads
10.2,0.04548,0.02181,-0.00081,-0.00049,0.0000,0.0150,25.00
10.3,5.23087,16.56433,-0.02842,-0.09312,0.0000,0.0150,25.00
10.5,-5.42530,-7.42799,-0.02158,0.07889,0.0000,0.0150,25.00
10.5,4.32842,21.96380,0.06480,-0.06274,0.0000,0.0150,25.00
10.7,1.15185,-13.84066,-0.13449,-0.03745,0.0000,0.0150,25.00
10.8,-6.21203,20.72346,0.12499,0.03409,0.0000,0.0150,25.00
10.9,11.24590,4.66473,-0.17151,-0.21266,0.0000,0.0150,25.00
11.0,-11.07805,-3.83859,-0.03635,0.07245,0.0000,0.0150,25.00
11.1,9.44010,18.76489,-0.01129,-0.12679,0.0000,0.0150,25.00
11.2,-1.84797,-14.85463,-0.17253,-0.03680,0.0000,0.0150,25.00
11.3,-2.57243,25.99061,0.11012,-0.02422,0.0000,0.0150,25.00
11.4,7.81682,0.11982,-0.19623,-0.16909,0.0000,0.0150,25.00
11.5,-13.57107,-8.46018,0.02597,0.12299,0.0000,0.0150,25.00
11.6,5.69995,8.71132,-0.02352,-0.08173,0.0000,0.0150,25.00
11.7,-4.36766,-13.87229,-0.09119,0.03973,0.0000,0.0150,25.00
11.8,-1.11678,20.98220,0.17374,0.02434,0.0000,0.0150,25.00
11.9,7.60686,-2.06505,-0.15264,-0.11279,0.0000,0.0150,25.00
12.0,-13.47901,-8.99212,0.05044,0.14790,0.0000,0.0150,25.00
12.1,10.22508,26.31435,-0.08661,-0.17351,0.0000,0.0150,25.00
12.2,-6.37259,-11.21124,-0.09231,0.05697,0.0000,0.0150,25.00
12.3,5.24058,33.99369,0.15621,-0.05325,0.0000,0.0150,25.00
12.4,4.85973,-7.97370,-0.14631,-0.08635,0.0000,0.0150,25.00
12.5,-14.29141,-1.52189,0.12115,0.16944,0.0000,0.0150,25.00
12.6,10.62892,17.05833,-0.07732,-0.14576,0.0000,0.0150,25.00
12.7,-8.55142,-6.33509,-0.04296,0.09859,0.0000,0.0150,25.00
12.8,10.79653,37.40523,0.09822,-0.09702,0.0000,0.0150,25.00
12.9,4.08744,-9.39609,-0.16268,-0.08095,0.0000,0.0150,25.00
13.0,-12.25265,9.38252,0.13351,0.12270,0.0000,0.0150,25.00
13.1,10.62407,10.51925,-0.11042,-0.14240,0.0000,0.0150,25.00
13.2,-9.66183,-8.66948,-0.03478,0.11206,0.0000,0.0150,25.00
13.3,10.69665,31.88795,0.08120,-0.08624,0.0000,0.0150,25.00
13.4,3.54944,-8.62769,-0.15876,-0.06518,0.0000,0.0150,25.00
13.5,-10.63928,10.10719,0.12716,0.12306,0.0000,0.0150,25.00
13.6,10.71408,8.27580,-0.15588,-0.17083,0.0000,0.0150,25.00
13.7,-9.96859,-1.57722,-0.02597,0.08354,0.0000,0.0150,25.00
13.8,8.87744,20.78003,0.01150,-0.10094,0.0000,0.0150,25.00
13.9,2.93974,-7.31491,-0.18028,-0.08342,0.0000,0.0150,25.00
14.0,-8.67827,17.80879,0.12756,0.08471,0.0000,0.0150,25.00
14.1,6.83769,27.96963,-0.06222,-0.15492,0.0000,0.0150,25.00
14.2,6.86233,28.30688,-0.07009,-0.16452,0.0000,0.0150,25.00
14.3,6.86234,28.30691,-0.04843,-0.11263,0.0000,0.0150,25.00
14.4,6.86234,28.30691,-0.03027,-0.07022,0.0000,0.0150,25.00
14.5,6.86234,28.30691,-0.01837,-0.04259,0.0000,0.0150,25.00
14.6,6.86234,28.30691,-0.01050,-0.02433,0.0000,0.0150,25.00
14.7,6.86234,28.30691,-0.00630,-0.01459,0.0000,0.0150,25.00
14.8,6.86234,28.30691,-0.00377,-0.00874,0.0000,0.0150,25.00
14.9,6.86234,28.30691,-0.00226,-0.00523,0.0000,0.0150,25.00
15.0,6.86234,28.30691,-0.00135,-0.00313,0.0000,0.0150,25.00
15.1,7.09013,-2.15884,-0.08530,0.05350,0.0000,0.0150,25.00
15.2,-13.88637,-5.84519,0.13874,0.30916,0.0000,0.0150,25.00
15.3,7.88532,24.17617,0.03237,-0.01237,0.0000,0.0150,25.00
15.4,-3.29391,-13.47328,-0.04578,0.12214,0.0000,0.0150,25.00
15.6,3.75287,25.67847,0.19304,0.04528,0.0000,0.0150,25.00
15.7,5.62749,-9.36728,-0.12537,-0.04993,0.0000,0.0150,25.00
15.8,-13.17204,1.14579,0.11747,0.16598,0.0000,0.0150,25.00
15.9,10.93127,25.48701,-0.03690,-0.12840,0.0000,0.0150,25.00
16.0,-6.24021,-10.88725,-0.05830,0.09657,0.0000,0.0150,25.00
16.1,8.93525,36.71808,0.13156,-0.04203,0.0000,0.0150,25.00
16.2,4.07734,-9.99825,-0.14142,-0.05289,0.0000,0.0150,25.00
16.3,-10.93512,10.14365,0.14021,0.13561,0.0000,0.0150,25.00
16.4,11.32437,25.17220,-0.03320,-0.12490,0.0000,0.0150,25.00
16.5,-6.37967,-8.54839,-0.06183,0.09338,0.0000,0.0150,25.00
16.6,11.95765,43.59118,0.10756,-0.09324,0.0000,0.0150,25.00
16.7,4.02549,-6.54997,-0.14605,-0.05547,0.0000,0.0150,25.00
16.8,-12.06055,7.20707,0.14369,0.14705,0.0000,0.0150,25.00
16.9,9.90309,9.00446,-0.08470,-0.11559,0.0000,0.0150,25.00
17.0,-10.31558,-2.37639,0.03564,0.13487,0.0000,0.0150,25.00
17.1,7.52158,11.41325,0.04318,-0.04041,0.0000,0.0150,25.00
17.2,2.37592,-5.91461,-0.13674,-0.04267,0.0000,0.0150,25.00
17.3,-7.65511,20.75581,0.15298,0.09154,0.0000,0.0150,25.00
17.4,9.51628,4.51632,-0.12403,-0.13875,0.0000,0.0150,25.00
17.5,-12.08841,-3.73913,0.04747,0.14528,0.0000,0.0150,25.00
17.6,6.39338,10.63457,0.00407,-0.05797,0.0000,0.0150,25.00
17.7,-0.88258,-11.34258,-0.10037,0.02103,0.0000,0.0150,25.00
17.8,-4.21094,25.15326,0.18050,0.06379,0.0000,0.0150,25.00
17.9,8.77069,6.87645,-0.13626,-0.15082,0.0000,0.0150,25.00
18.0,-13.86602,-4.84131,0.05274,0.14826,0.0000,0.0150,25.00
18.1,5.90952,20.65693,-0.01768,-0.09885,0.0000,0.0150,25.00
18.2,-2.59890,-11.73546,-0.09187,0.04480,0.0000,0.0150,25.00
18.3,-2.23707,25.84625,0.16648,0.04701,0.0000,0.0150,25.00
18.4,6.67283,1.11621,-0.12800,-0.10235,0.0000,0.0150,25.00
18.5,-13.84669,-6.23925,0.10054,0.18316,0.0000,0.0150,25.00
18.6,5.70794,32.34922,0.15040,-0.17012,0.0000,0.0150,25.00
18.7,5.74516,32.36853,0.09335,-0.19214,0.0000,0.0150,25.00
18.8,5.74517,32.36853,0.05654,-0.13281,0.0000,0.0150,25.00
18.9,5.74517,32.36853,0.03398,-0.08302,0.0000,0.0150,25.00
19.0,5.74517,32.36853,0.01935,-0.04791,0.0000,0.0150,25.00
19.1,5.74517,32.36853,0.01159,-0.02880,0.0000,0.0150,25.00
19.2,5.74517,32.36853,0.00694,-0.01727,0.0000,0.0150,25.00
19.3,5.74517,32.36853,0.00416,-0.01034,0.0000,0.0150,25.00
19.4,5.74517,32.36853,0.00249,-0.00619,0.0000,0.0150,25.00
19.5,5.74517,32.36853,0.00142,-0.00352,0.0000,0.0150,25.00
19.6,11.70829,11.96744,-0.27001,0.04887,0.0000,0.0150,25.00
19.7,-8.82087,-4.45379,-0.12503,0.27980,0.0000,0.0150,25.00
19.8,13.23408,55.15995,0.08168,-0.01024,0.0000,0.0150,25.00
19.9,2.75015,-8.22579,-0.20158,0.00494,0.0000,0.0150,25.00
20.0,-11.17986,17.74512,0.15107,0.15207,0.0000,0.0150,25.00
20.1,11.27639,10.32165,-0.15249,-0.13637,0.0000,0.0150,25.00
20.2,-7.42352,-5.91618,-0.06578,0.11444,0.0000,0.0150,25.00
20.3,16.37351,24.77962,0.08064,-0.07690,-7.0650,0.0150,25.00
20.5,-10.19167,-3.80649,-0.14174,0.04635,-9.9984,0.0150,25.00
20.6,-5.59221,12.37611,0.04769,-0.03415,0.3276,0.0150,25.00
20.7,2.16175,7.70171,0.03349,-0.03523,0.8578,0.0150,25.00
20.8,1.10500,0.86472,0.04363,0.05220,3.4496,0.0150,25.00
20.9,0.95244,16.12910,0.09837,0.05418,5.7112,0.0150,25.00
21.0,1.72479,-8.85281,0.00908,0.08076,3.6095,0.0150,25.00
21.1,10.62454,33.78169,0.18065,-0.01775,8.1250,0.0150,25.00
21.2,2.17923,-2.42888,-0.15293,-0.02167,-11.6983,0.0150,25.00
21.3,-13.16715,0.70314,0.01834,0.02278,-2.1488,0.0150,25.00
21.4,-3.13539,12.42175,0.08241,-0.00236,3.9516,0.0150,25.00
21.5,2.28523,3.01248,0.02784,0.06743,2.1096,0.0150,25.00
21.6,0.52496,2.50791,0.03803,0.06214,3.2747,0.0150,25.00
21.7,4.92251,1.44173,-0.05167,-0.02360,-5.7374,0.0150,25.00
21.8,-9.81463,1.00804,0.09033,0.11271,6.3008,0.0150,25.00
21.9,15.52005,25.38320,0.00999,-0.09981,-4.8949,0.0150,25.00
22.0,-13.16922,-2.87896,-0.08827,0.10627,-5.2508,0.0150,25.00
22.1,-4.34632,5.60686,0.05187,-0.01910,1.9030,0.0150,25.00
22.2,5.58561,-3.86514,0.00869,-0.01718,-0.9148,0.0150,25.00
22.3,0.40854,8.34619,0.00307,0.01728,-2.1861,0.0150,25.00
22.4,-1.23813,5.66642,0.01850,-0.00737,-1.0631,0.0150,25.00
22.5,-1.66548,11.80208,0.04076,0.04880,1.5711,0.0150,25.00
22.6,-0.35963,4.35985,0.05407,0.04696,4.6115,0.0150,25.00
22.7,4.32981,-4.00066,-0.04820,-0.00384,-4.3093,0.0150,25.00
22.8,-2.27788,3.28183,0.09332,0.05149,6.7969,0.0150,25.00
22.9,10.98590,18.83236,-0.03889,-0.09681,-9.5503,0.0150,25.00
23.0,-14.43447,13.93277,-0.06356,0.06259,-8.1015,0.0150,25.00
23.1,-8.34920,3.72795,0.03682,-0.00681,0.7032,0.0150,25.00
23.2,3.40099,6.00479,0.03408,0.02125,3.2095,0.0150,25.00
23.3,-0.40864,-1.23686,0.03487,0.06411,2.9625,0.0150,25.00
23.4,9.78413,8.28232,0.01629,-0.01418,-3.1506,0.0150,25.00
23.5,-2.39976,8.47666,0.01807,0.07921,2.1967,0.0150,25.00
23.6,6.05804,20.31655,0.03714,-0.05520,0.7372,0.0150,25.00
23.7,-2.88074,-6.42645,-0.09919,0.00336,-6.9075,0.0150,25.00
23.8,-6.36362,3.55263,0.01295,-0.01673,-1.3691,0.0150,25.00
23.9,3.32122,1.49059,0.01430,-0.05883,-0.7732,0.0150,25.00
24.0,-0.09145,1.92621,0.02039,0.02022,0.4628,0.0150,25.00
24.1,-0.29571,15.13358,0.03393,-0.01637,-1.0175,0.0150,25.00
24.2,-1.69980,-10.00822,-0.00792,0.06712,0.1198,0.0150,25.00
24.3,-0.07268,2.30757,0.07975,0.05463,7.0135,0.0150,25.00
24.4,5.57899,-3.70624,-0.09623,-0.04577,-10.0846,0.0150,25.00
24.5,-11.59695,1.82253,0.03506,0.04251,0.7390,0.0150,25.00
24.6,2.27444,13.13868,0.07544,-0.05184,3.1242,0.0150,25.00
24.7,-2.18824,-7.35888,-0.05030,0.04076,-0.9886,0.0150,25.00
24.8,-3.26503,7.17738,-0.01199,-0.01575,-3.5055,0.0150,25.00
25.0,-1.32437,-3.47699,-0.05696,-0.02476,-4.4359,0.0150,25.00
25.1,-4.05609,0.81924,0.04089,0.03123,2.2054,0.0150,25.00
25.2,8.28698,19.31313,0.02826,-0.05884,-1.8041,0.0150,25.00
25.3,-6.99379,-5.72360,-0.06477,0.06898,-1.5071,0.0150,25.00
25.4,-4.53575,5.72590,0.04383,0.00941,2.4985,0.0150,25.00
25.5,3.14127,0.71112,-0.02730,-0.02926,-2.1534,0.0150,25.00
25.6,-2.60002,1.05581,0.03390,0.04321,3.4513,0.0150,25.00
25.7,7.20007,14.35963,0.01082,-0.04687,-2.8694,0.0150,25.00
25.8,-7.48662,-4.95818,-0.02017,0.09352,1.6471,0.0150,25.00
25.9,2.09124,6.79529,0.09818,0.00391,6.9286,0.0150,25.00
26.0,0.31694,-4.39647,-0.09924,-0.02875,-7.4267,0.0150,25.00
26.1,-8.01836,3.24014,0.06678,0.02737,5.6075,0.0150,25.00
26.2,8.55012,13.75871,0.01285,-0.05733,-5.7891,0.0150,25.00
26.3,-7.15283,19.78832,-0.01886,0.03574,-6.2164,0.0150,25.00
26.4,-5.77356,1.82052,-0.00514,-0.00069,-1.3419,0.0150,25.00
26.5,-0.40331,1.05872,-0.03351,0.00081,-1.9424,0.0150,25.00
26.6,-2.44499,3.73102,0.03454,0.01197,1.7996,0.0150,25.00
26.7,3.11065,0.75274,-0.03764,-0.03215,-4.9383,0.0150,25.00
26.8,-6.19658,2.64853,0.00785,0.03692,-3.8709,0.0150,25.00
26.9,-2.58662,7.48616,0.03973,-0.00257,1.7045,0.0150,25.00
27.0,-0.41758,-11.04369,-0.01995,0.02663,-0.2298,0.0150,25.00
27.1,-0.78718,6.74367,0.07918,0.03961,6.5694,0.0150,25.00
27.2,1.88040,-4.04014,-0.13782,-0.04733,-9.7889,0.0150,25.00
27.3,-11.96394,-0.19427,-0.01203,0.00244,-2.8762,0.0150,25.00
27.4,-4.80985,5.57359,0.05844,-0.02331,2.4043,0.0150,25.00
27.5,2.62755,6.10064,0.03601,0.03768,1.8697,0.0150,25.00
27.6,-2.63559,-3.67013,0.03989,0.08667,4.8747,0.0150,25.00
27.7,7.65209,1.34413,-0.06562,-0.05341,-7.5920,0.0150,25.00
27.8,-6.18790,3.26456,-0.01705,0.00756,-4.0918,0.0150,25.00
27.9,-4.71731,9.38782,-0.03132,-0.06815,-6.6980,0.0150,25.00
28.0,-6.25033,2.10218,0.00254,0.03490,1.0883,0.0150,25.00
28.1,-2.08609,6.71279,0.04058,0.01362,2.4842,0.0150,25.00
28.2,2.52002,-0.35964,-0.02680,-0.00726,-2.1658,0.0150,25.00
28.3,-2.75951,-3.17638,0.04765,0.05676,4.3815,0.0150,25.00
28.4,7.16194,21.88042,-0.01128,-0.07045,-4.6759,0.0150,25.00
28.5,-12.64385,12.30981,-0.04780,0.05022,-6.8513,0.0150,25.00
28.6,-6.27494,3.49006,0.04217,-0.00016,1.7124,0.0150,25.00
28.7,3.84420,-4.87817,0.02154,0.02751,4.3505,0.0150,25.00
28.8,1.18634,6.12861,0.06103,0.06051,4.7628,0.0150,25.00
28.9,8.30024,20.49876,-0.01386,-0.06606,-4.7750,0.0150,25.00
29.0,-11.50958,12.11174,-0.04113,0.04826,-6.3327,0.0150,25.00
29.2,-7.15898,-0.21725,0.02570,-0.00036,1.4363,0.0150,25.00
29.2,2.70221,-1.90313,0.00888,0.00908,1.1859,0.0150,25.00
29.3,-0.15382,1.34436,0.01400,0.03890,0.4537,0.0150,25.00
29.4,4.72440,-0.38225,-0.03246,-0.02144,-4.1360,0.0150,25.00
29.6,-2.99283,19.01146,0.01163,0.01923,-2.6811,0.0150,25.00
29.7,-4.53541,2.73578,0.01444,0.00562,0.7051,0.0150,25.00
29.8,-1.74078,-12.18946,-0.03886,0.01684,-1.7185,0.0150,25.00
29.9,-2.65920,2.83107,0.07561,0.03890,6.5216,0.0150,25.00
30.0,4.00866,-4.70669,-0.12214,-0.05865,-11.1115,0.0150,25.00
30.1,-14.12448,1.28687,-0.03782,-0.00089,-6.9965,0.0150,25.00
30.2,-7.74091,2.70040,0.03128,-0.02615,0.8651,0.0150,25.00
30.3,2.47776,11.85891,0.02625,0.01260,0.0323,0.0150,25.00
30.4,-2.51469,1.29935,0.01600,0.05529,2.1235,0.0150,25.00
30.5,4.75055,-3.94635,-0.01891,-0.00459,-0.9492,0.0150,25.00
30.6,-0.20220,8.67414,0.02217,0.01734,0.7477,0.0150,25.00
30.7,-0.54861,4.67790,-0.00260,-0.02647,-3.1163,0.0150,25.00
30.8,-3.52296,-9.55872,-0.02438,0.04757,0.8355,0.0150,25.00
30.9,-0.84796,4.87496,0.06399,0.01855,4.3723,0.0150,25.00
31.0,4.24887,-5.32734,-0.08017,-0.03632,-6.8369,0.0150,25.00
31.1,-8.56932,1.61760,0.03861,0.04019,2.2021,0.0150,25.00
31.2,9.10776,18.77417,0.03808,-0.09373,-3.9776,0.0150,25.00
31.3,-8.57984,6.40168,-0.06461,0.04929,-3.0607,0.0150,25.00
31.4,-7.12819,4.64406,0.00545,-0.01690,-1.1973,0.0150,25.00
31.5,0.35044,-5.60656,-0.00015,0.00581,1.7619,0.0150,25.00
31.6,0.96430,2.21996,0.06278,0.04024,4.8498,0.0150,25.00
31.7,6.75108,14.01009,-0.00258,-0.03769,-1.9277,0.0150,25.00
31.8,-9.75028,-3.89596,-0.01395,0.11028,0.9490,0.0150,25.00
31.9,3.23522,9.34204,0.09771,-0.02028,5.7544,0.0150,25.00
32.0,-0.46494,-8.21315,-0.14696,-0.03762,-10.1872,0.0150,25.00
32.1,-10.89113,5.78986,-0.03960,-0.05246,-6.7063,0.0150,25.00
32.2,-4.37966,3.21499,0.00855,-0.07431,-1.0418,0.0150,25.00
32.3,-1.28045,-2.25342,0.00999,-0.00107,0.6818,0.0150,25.00
32.4,-5.88682,1.13090,0.01513,0.03547,0.8083,0.0150,25.00
32.5,3.25307,0.54414,0.01815,0.03583,2.5591,0.0150,25.00
32.6,-2.16967,-1.85029,0.01588,0.05556,2.4223,0.0150,25.00
32.7,7.49216,4.02728,0.00659,-0.03014,-0.6046,0.0150,25.00
32.8,-1.04155,4.01014,0.04199,0.07007,1.6762,0.0150,25.00
32.9,8.97456,22.44185,0.04778,-0.03774,-1.1253,0.0150,25.00
33.0,-6.33528,-16.43456,-0.13065,0.02898,-7.6465,0.0150,25.00
33.1,-7.75112,0.44807,0.02566,-0.00962,1.1604,0.0150,25.00
33.2,5.13595,-0.36983,0.02348,-0.05462,0.5220,0.0150,25.00
33.3,1.23630,3.53755,-0.00147,0.01165,0.1135,0.0150,25.00
33.4,-3.24453,7.20744,0.02838,-0.00000,-0.4357,0.0150,25.00
33.5,-1.27401,2.81003,0.01056,0.05262,1.6465,0.0150,25.00
33.6,-2.84896,-1.55012,0.01232,0.04908,1.9139,0.0150,25.00
33.7,2.29837,0.58625,-0.03322,-0.01356,-1.7885,0.0150,25.00
33.8,-2.98092,-0.71648,0.02423,0.03815,0.4110,0.0150,25.00
34.0,6.52417,17.83370,0.01748,-0.07381,-2.6236,0.0150,25.00
34.1,-5.75726,-8.54795,-0.00953,0.09388,2.9278,0.0150,25.00
34.2,0.14869,3.37938,0.06578,0.00191,3.4625,0.0150,25.00
34.3,0.01991,-7.56389,-0.14950,-0.04175,-9.5197,0.0150,25.00
34.4,-11.71361,2.68537,-0.01227,-0.02384,-1.4581,0.0150,25.00
34.5,-3.58810,2.73594,0.04366,-0.05394,1.5143,0.0150,25.00
34.6,0.96922,-2.91383,0.03537,0.03433,2.5943,0.0150,25.00
34.7,-1.19761,3.48293,0.06070,0.06087,4.7556,0.0150,25.00
34.8,1.21316,-13.34238,-0.06946,0.02181,-2.8447,0.0150,25.00
34.9,-4.31160,-3.46521,0.05182,0.03600,3.6011,0.0150,25.00
35.0,7.76611,12.48982,-0.06998,-0.10048,-10.4822,0.0150,25.00
35.1,-14.56689,9.20686,-0.07648,0.02440,-11.1677,0.0150,25.00
35.2,-9.45646,5.87639,0.01988,-0.03785,-0.1324,0.0150,25.00
35.3,2.52957,8.79487,0.04426,0.00331,3.3284,0.0150,25.00
35.4,-1.89997,-4.65784,0.03279,0.07412,4.1682,0.0150,25.00
35.5,6.09962,1.98544,0.01154,0.01370,0.0341,0.0150,25.00
35.6,-3.33609,8.08527,0.03984,0.09322,4.1076,0.0150,25.00
35.7,8.27117,17.99286,-0.01602,-0.05869,-5.0203,0.0150,25.00
35.8,-10.24652,-10.17630,-0.13742,0.04429,-8.5738,0.0150,25.00
35.9,-9.55451,3.31643,-0.00959,-0.03847,-2.7821,0.0150,25.00
36.0,1.00574,4.18188,0.03407,-0.07299,0.6756,0.0150,25.00
36.1,0.44757,7.25691,0.00295,0.00524,-0.4872,0.0150,25.00
36.2,-3.04649,0.10608,0.00904,0.01005,-0.0625,0.0150,25.00
36.3,1.69749,8.49067,0.02867,0.04001,1.2968,0.0150,25.00
36.4,-2.16503,-2.79549,0.01856,0.05549,2.6971,0.0150,25.00
36.5,2.87201,-4.68549,-0.01948,0.00524,0.4355,0.0150,25.00
36.6,-1.70172,-1.55679,0.06431,0.06365,4.6129,0.0150,25.00
36.7,10.22341,19.87871,-0.03787,-0.08410,-6.7722,0.0150,25.00
36.8,-13.53808,-0.71716,-0.10517,0.06243,-6.7599,0.0150,25.00
36.9,-8.20707,3.79234,0.00313,-0.04309,-1.5809,0.0150,25.00
37.0,2.70508,-5.56406,0.01946,-0.00935,2.4708,0.0150,25.00
37.1,-0.35520,1.83830,-0.00739,0.02056,-2.3815,0.0150,25.00
37.2,-1.14034,4.89160,0.01725,-0.02069,-0.5059,0.0150,25.00
37.3,0.52531,1.59882,0.01449,0.02207,-1.7596,0.0150,25.00
37.4,-3.29513,1.19601,0.03089,0.04448,2.2329,0.0150,25.00
37.5,3.36000,-1.99189,-0.00857,0.01929,1.2964,0.0150,25.00
37.6,-0.02229,2.27680,0.01018,0.02053,0.9399,0.0150,25.00
37.7,5.34794,15.48089,-0.01144,-0.08553,-5.0406,0.0150,25.00
37.8,-4.18535,17.46396,0.01606,0.03074,-0.1699,0.0150,25.00
37.9,-2.78414,5.42055,0.00946,-0.00741,0.3947,0.0150,25.00
38.0,-1.75898,-11.28151,-0.07186,-0.00534,-4.0121,0.0150,25.00
38.1,-4.47131,1.63410,-0.01116,-0.00951,-2.1699,0.0150,25.00
38.2,3.44543,6.67252,-0.01090,-0.07222,-3.7260,0.0150,25.00
38.4,-2.62330,2.99578,0.02865,0.02615,-0.0830,0.0150,25.00
38.5,-1.40572,7.86834,0.02213,-0.00287,1.2196,0.0150,25.00
38.6,-1.58416,-6.68377,-0.05821,0.00803,-2.9634,0.0150,25.00
38.7,-4.24302,5.63533,0.00165,-0.01399,-1.2898,0.0150,25.00
38.8,1.11861,-4.51771,-0.03904,-0.03464,-4.3538,0.0150,25.00
38.9,-3.69410,5.41996,0.03456,0.02893,-0.4492,0.0150,25.00
39.0,5.64595,21.66235,0.05658,-0.06337,3.1510,0.0150,25.00
39.1,-3.48441,-15.36025,-0.06714,0.05400,-2.7229,0.0150,25.00
39.2,-1.97294,5.73769,0.06776,0.01321,4.0972,0.0150,25.00
39.3,4.28854,-2.69909,-0.10307,-0.06842,-11.5014,0.0150,25.00
39.4,-10.01167,0.13621,-0.03673,-0.00659,-5.4254,0.0150,25.00
39.5,-7.18032,0.94034,0.02391,-0.02187,-0.4482,0.0150,25.00
39.6,1.19237,12.78661,0.03735,0.01085,0.5203,0.0150,25.00
39.7,-2.55835,4.08497,0.01889,0.04086,1.1534,0.0150,25.00
39.8,1.61310,-4.85284,-0.04147,0.01081,-0.8067,0.0150,25.00
39.9,-1.28219,3.73123,0.04943,0.03435,1.4846,0.0150,25.00
40.0,6.69668,16.85082,-0.00290,-0.05374,-3.7725,0.0150,25.00
40.1,-10.66557,7.55455,-0.04650,0.07004,-4.2577,0.0150,25.00
40.2,-5.61822,4.22011,0.03188,-0.00953,-0.1274,0.0150,25.00
40.3,3.46175,-3.23621,0.00586,0.00028,2.4125,0.0150,25.00
40.4,-0.04822,1.89037,0.00354,0.01859,-1.0297,0.0150,25.00
40.5,5.96473,10.51550,0.02080,-0.06987,-2.5126,0.0150,25.00
40.6,-1.61587,9.29306,0.03834,0.06270,4.1338,0.0150,25.00
40.7,6.25980,13.33682,0.06974,-0.02773,4.6944,0.0150,25.00
40.8,-0.40537,-7.18716,-0.12588,-0.01142,-8.1588,0.0150,25.00
40.9,-9.08171,5.58800,0.01593,-0.01532,0.5916,0.0150,25.00
41.0,3.35144,5.41320,0.01824,-0.07151,0.0398,0.0150,25.00
41.1,-0.91582,-2.54239,0.01770,0.02772,1.3498,0.0150,25.00
41.2,-3.97867,4.45603,0.04525,0.04537,4.2359,0.0150,25.00
41.3,0.33545,-11.45530,-0.04837,0.00964,-2.5307,0.0150,25.00
41.4,-1.82320,7.37652,0.02454,0.00065,0.8182,0.0150,25.00
41.5,-0.48985,-1.63595,-0.05823,-0.02026,-4.0905,0.0150,25.00
41.6,-6.19027,1.77297,0.03006,0.03535,-1.7658,0.0150,25.00
41.7,3.14855,14.93490,0.06610,-0.04000,5.5157,0.0150,25.00
41.8,-1.77364,-8.68859,-0.09201,0.00975,-5.4892,0.0150,25.00
41.9,-5.59966,6.81897,-0.01705,-0.03715,-4.0897,0.0150,25.00
42.0,-0.62080,-5.62731,-0.03592,-0.04353,-3.4940,0.0150,25.00
42.1,-2.15069,6.39408,0.00932,-0.00925,0.3281,0.0150,25.00
42.3,-2.94390,5.79929,0.02555,-0.00991,-0.2602,0.0150,25.00
42.4,-2.36137,-8.51156,-0.02255,0.04264,-0.4411,0.0150,25.00
42.4,-0.52213,7.35252,0.04731,0.01512,2.1769,0.0150,25.00
42.6,3.68383,-2.60835,-0.07974,-0.03739,-6.6858,0.0150,25.00
42.6,-8.63787,1.28682,0.05049,0.04097,3.0574,0.0150,25.00
42.8,8.91937,22.62900,0.05973,-0.07300,-2.4429,0.0150,25.00
42.9,-9.38137,-4.29289,-0.03372,0.09728,0.0570,0.0150,25.00
43.0,-1.62356,3.40505,0.08332,0.02150,6.8085,0.0150,25.00
43.1,3.35856,-9.37796,-0.13320,-0.03558,-11.0770,0.0150,25.00
43.2,-9.39667,1.90311,-0.05031,-0.02821,-5.2545,0.0150,25.00
43.3,-4.85538,4.14942,-0.00550,-0.08186,-3.0779,0.0150,25.00
43.4,-2.65022,0.33097,0.01060,-0.00498,-2.1045,0.0150,25.00
43.5,-3.91039,2.17206,0.02964,0.02899,1.3528,0.0150,25.00
43.6,4.25036,-0.96728,-0.00096,0.01383,0.8793,0.0150,25.00
43.7,1.07181,4.13537,0.02134,0.02543,0.8032,0.0150,25.00
43.8,4.89557,3.59695,-0.03336,-0.04310,-8.0091,0.0150,25.00
43.9,-4.24325,16.24058,-0.01086,0.02164,-3.5363,0.0150,25.00
44.0,-6.43992,1.13868,-0.00706,0.00116,-2.1229,0.0150,25.00
44.1,-1.05869,-2.94613,-0.01913,0.00795,-0.8042,0.0150,25.00
44.2,-0.63565,2.15408,0.04675,0.02333,3.6579,0.0150,25.00
44.3,4.53279,5.88493,-0.07465,-0.08082,-9.1726,0.0150,25.00
44.4,-12.33562,-5.58130,-0.06964,0.01500,-8.4915,0.0150,25.00
44.5,-9.01933,3.22302,0.01406,-0.02137,0.1420,0.0150,25.00
44.6,1.85847,11.67571,0.03636,0.01682,0.9219,0.0150,25.00
44.7,-1.67089,-0.29261,0.01337,0.04941,1.1562,0.0150,25.00
44.8,4.62731,1.22127,-0.00914,-0.02860,-2.4472,0.0150,25.00
44.9,-2.00177,3.94112,0.04589,0.04449,3.1641,0.0150,25.00
45.0,9.13397,15.11033,0.04324,-0.04801,-1.8726,0.0150,25.00
45.1,-4.20843,-14.81173,-0.05544,0.07162,-1.6722,0.0150,25.00
45.2,-1.45117,6.30636,0.09251,0.01021,5.0568,0.0150,25.00
45.3,3.16390,-8.70794,-0.13390,-0.05706,-10.2089,0.0150,25.00
45.4,-11.27937,2.18165,-0.01887,-0.01629,-2.7593,0.0150,25.00
45.5,-5.22046,2.93948,0.04107,-0.03547,1.6473,0.0150,25.00
45.6,1.62719,1.16039,0.02402,0.01731,0.7330,0.0150,25.00
45.7,-2.55348,6.58705,0.04683,0.04888,4.1676,0.0150,25.00
45.8,3.14141,-4.34824,-0.02745,0.01541,-1.3630,0.0150,25.00
45.9,-2.18044,-2.32283,0.04821,0.06172,5.1386,0.0150,25.00
46.0,9.03484,22.33199,-0.02608,-0.08265,-6.8496,0.0150,25.00
46.1,-12.23934,9.13553,-0.05757,0.06687,-5.3718,0.0150,25.00
46.2,-6.82655,-0.83694,0.03131,-0.01007,0.1534,0.0150,25.00
46.3,3.19772,0.63252,0.00131,0.00179,1.1192,0.0150,25.00
46.4,-1.20454,1.93745,-0.01762,0.01818,-2.9350,0.0150,25.00
46.5,-0.26418,4.44507,0.00396,-0.04342,-2.1025,0.0150,25.00
46.6,-0.94822,1.28013,0.00183,0.00388,-1.3475,0.0150,25.00
46.7,-6.59044,2.08772,0.00633,0.02014,0.2864,0.0150,25.00
46.9,1.90365,0.74434,-0.00620,0.01922,0.4549,0.0150,25.00
47.0,-0.41679,1.94981,0.00096,0.01661,-1.1944,0.0150,25.00
47.1,1.61237,-6.01890,-0.03964,-0.01524,-2.7924,0.0150,25.00
47.2,-3.33724,4.67554,0.03867,0.04147,-0.6566,0.0150,25.00
47.3,7.19644,20.34102,0.06137,-0.05894,3.9784,0.0150,25.00
47.4,-2.64010,-14.62596,-0.10038,0.03043,-5.8161,0.0150,25.00
47.5,-4.62432,4.15391,0.03176,-0.01365,0.7341,0.0150,25.00
47.6,3.70217,-5.23575,-0.03337,-0.03995,-4.1728,0.0150,25.00
47.7,-2.37978,11.66110,0.00375,-0.00137,-2.0594,0.0150,25.00
47.8,-3.98700,5.82794,0.00478,-0.02366,-2.2383,0.0150,25.00
47.9,-4.58014,-9.54727,-0.01946,0.04074,-0.4315,0.0150,25.00
48.0,-1.08877,7.80853,0.06290,0.02114,4.4164,0.0150,25.00
48.1,2.72933,-9.82491,-0.09572,-0.01809,-8.0069,0.0150,25.00
48.2,-8.56109,-1.49213,0.02217,0.02623,0.4962,0.0150,25.00
48.3,6.37815,22.33670,0.06648,-0.08887,1.7686,0.0150,25.00
48.4,-5.19459,-7.94188,-0.01349,0.09130,0.9428,0.0150,25.00
48.5,-0.46341,7.01791,0.05498,0.00398,3.3128,0.0150,25.00
48.6,0.92231,-8.87096,-0.09775,-0.01727,-6.0587,0.0150,25.00
48.7,-7.89011,3.42412,0.03823,0.01546,2.3161,0.0150,25.00
48.8,7.46898,14.34545,0.01604,-0.08125,-5.5350,0.0150,25.00
48.9,-4.55505,12.00973,0.01233,0.06521,1.6688,0.0150,25.00
49.0,-1.28711,5.65554,0.05457,0.01571,3.0607,0.0150,25.00
49.1,0.89969,-11.05454,-0.07958,0.00614,-4.8173,0.0150,25.00
49.2,-5.84593,-0.64191,0.05411,0.03282,4.4763,0.0150,25.00
49.3,6.49833,12.46447,-0.03793,-0.08445,-7.3275,0.0150,25.00
49.4,-11.18981,12.38840,-0.02236,0.04407,-5.4767,0.0150,25.00
49.5,-5.40976,1.27677,0.02903,-0.00587,0.4343,0.0150,25.00
49.6,2.68708,-3.18412,-0.00499,0.02066,0.7567,0.0150,25.00
49.7,-0.98271,0.87050,-0.00238,0.02935,-0.2971,0.0150,25.00
49.8,3.23441,0.12410,-0.02578,-0.03264,-5.0990,0.0150,25.00
49.9,-2.13685,11.28148,0.03796,0.03117,-0.9999,0.0150,25.00
50.0,3.53846,13.72914,0.04951,-0.03296,3.5353,0.0150,25.00
50.1,-2.41096,-10.74671,-0.11201,-0.00097,-8.2063,0.0150,25.00
50.2,-6.61011,4.73357,-0.01306,-0.03502,-3.9105,0.0150,25.00
50.3,0.31061,-4.77058,-0.00931,-0.04888,-2.7157,0.0150,25.00
50.4,0.22282,2.35764,0.00530,-0.00671,0.4083,0.0150,25.00
50.5,-2.02622,14.67326,0.02933,-0.01997,0.6196,0.0150,25.00
50.6,-2.04162,2.37464,0.01789,0.05760,2.3506,0.0150,25.00
50.7,-0.88680,3.16655,0.04137,0.04222,3.3863,0.0150,25.00
50.8,4.19193,2.38909,-0.06393,-0.04261,-6.2373,0.0150,25.00
51.0,-6.70284,1.36262,0.00966,0.02577,-0.3435,0.0150,25.00
51.0,0.73128,8.57690,0.02351,-0.05175,0.7763,0.0150,25.00
51.1,-3.43519,-5.31473,0.02213,0.06928,4.2470,0.0150,25.00
51.3,6.12466,19.27531,0.10531,-0.03049,6.8995,0.0150,25.00
51.4,0.98599,-5.94112,-0.13545,-0.03523,-10.5668,0.0150,25.00
51.5,-10.18822,2.25095,0.02789,0.01254,1.2182,0.0150,25.00
51.6,4.10432,11.40686,0.07243,-0.05350,4.2324,0.0150,25.00
51.7,0.35082,-3.55624,0.02034,0.05776,3.9742,0.0150,25.00
51.8,2.25229,11.52419,0.04307,0.00235,1.8406,0.0150,25.00
51.9,-0.33833,-4.07781,-0.14562,-0.05051,-10.8341,0.0150,25.00
52.0,-12.29398,4.79437,-0.04907,-0.03358,-6.8528,0.0150,25.00
52.1,-5.12609,2.41299,0.03083,-0.05960,-0.1616,0.0150,25.00
52.2,0.29983,0.01432,0.03607,0.01579,1.8720,0.0150,25.00
52.3,-3.11028,5.00128,0.05372,0.05295,3.1505,0.0150,25.00
52.4,3.23727,-5.44069,-0.04152,0.00220,-3.1262,0.0150,25.00
52.5,-2.92592,3.53362,-0.00494,0.00582,-0.5521,0.0150,25.00
52.6,0.66789,0.35006,-0.03649,-0.04403,-6.3110,0.0150,25.00
52.7,-3.25953,8.06583,0.05239,0.04979,2.0090,0.0150,25.00
52.8,9.90786,22.85812,0.07500,-0.05632,-1.5116,0.0150,25.00
52.9,-4.03803,-16.87081,-0.13258,0.02859,-7.8849,0.0150,25.00
53.0,-4.77785,4.33937,0.04679,-0.01819,1.8327,0.0150,25.00
53.1,6.45252,6.52057,0.01521,-0.07181,-0.9119,0.0150,25.00
53.2,0.73343,1.65211,-0.00830,0.00562,-1.8745,0.0150,25.00
53.3,-4.64491,3.14435,0.00328,0.00827,-0.5724,0.0150,25.00
53.4,-2.91626,-11.26118,-0.00186,0.06470,2.0629,0.0150,25.00
53.5,-0.52050,4.72545,0.09161,0.04757,7.7757,0.0150,25.00
53.6,3.24595,-8.37414,-0.12835,-0.04164,-9.9991,0.0150,25.00
53.7,-12.56528,-2.18552,-0.01188,0.01785,-2.8900,0.0150,25.00
53.8,-4.03270,3.05734,0.06136,-0.01321,3.1106,0.0150,25.00
53.9,3.06341,11.45148,0.03418,0.03755,1.7907,0.0150,25.00
54.0,-1.82328,-0.21691,0.02189,0.06511,2.6895,0.0150,25.00
54.1,4.73816,5.15362,-0.06817,-0.05880,-7.3936,0.0150,25.00
54.2,-6.21061,1.45250,-0.00860,0.00850,-1.3252,0.0150,25.00
54.3,-1.89937,5.06011,0.01951,-0.04914,0.5026,0.0150,25.00
54.4,-2.27262,3.11235,0.01793,0.03212,2.0706,0.0150,25.00
54.5,-1.59464,8.76187,0.02849,0.00690,1.0257,0.0150,25.00
54.6,1.81772,-1.79466,-0.05897,-0.03962,-5.4291,0.0150,25.00
54.7,-6.07373,0.63694,0.02521,0.02953,2.8198,0.0150,25.00
54.8,6.85584,13.82950,-0.00219,-0.06473,-5.1405,0.0150,25.00
54.9,-6.23967,8.22016,-0.02705,0.06089,-0.9692,0.0150,25.00
55.0,-4.67779,2.91663,0.00744,-0.00503,-0.5097,0.0150,25.00
55.1,-0.15078,-3.19523,-0.04929,-0.02021,-4.0122,0.0150,25.00
55.2,-2.71425,1.37960,0.03138,0.01325,2.6542,0.0150,25.00
55.3,5.29402,10.09342,-0.02033,-0.04746,-5.8785,0.0150,25.00
55.4,-6.32991,14.10408,0.00283,0.04471,-0.9971,0.0150,25.00
55.5,-3.38772,2.92247,0.03193,0.00271,0.8679,0.0150,25.00
55.6,-1.18713,-12.09659,-0.05074,0.01311,-2.4169,0.0150,25.00
55.7,-1.79143,7.94507,0.01472,-0.01615,-0.7740,0.0150,25.00
55.8,1.30985,-2.07801,-0.06320,-0.04176,-8.4308,0.0150,25.00
55.9,-5.87189,12.71662,-0.00524,-0.00290,-5.5283,0.0150,25.00
56.1,-5.71796,6.16544,0.02425,-0.01478,-0.1349,0.0150,25.00
56.2,-1.06781,-7.09724,0.00241,0.05022,0.7933,0.0150,25.00
56.3,-0.86702,2.61347,0.06598,0.04981,5.7909,0.0150,25.00
56.4,7.25532,4.80761,-0.09105,-0.07221,-9.7247,0.0150,25.00
56.5,-10.49644,-0.75640,-0.01964,0.00393,-3.6295,0.0150,25.00
56.6,-4.95080,7.15306,0.02153,-0.05207,-2.4867,0.0150,25.00
56.7,-1.65917,7.99561,-0.00047,0.02304,-0.9981,0.0150,25.00
56.8,-4.45859,2.22310,0.00266,0.03159,-0.0675,0.0150,25.00
56.9,2.62602,-7.93855,-0.00652,-0.00497,-0.2298,0.0150,25.00
57.0,1.55276,6.59123,0.01779,0.01159,-0.0720,0.0150,25.00
57.1,3.64417,17.89604,0.05158,-0.05858,1.7292,0.0150,25.00
57.2,-1.73698,-7.12413,0.00007,0.05851,3.1136,0.0150,25.00
57.3,-1.44846,2.50324,0.03894,0.03341,2.2332,0.0150,25.00
57.4,1.20236,-6.64604,-0.09986,-0.02859,-7.6223,0.0150,25.00
57.5,-6.96605,3.48328,-0.01436,-0.01569,-3.1643,0.0150,25.00
57.6,-1.77236,10.58819,0.01991,-0.07502,-2.0659,0.0150,25.00
57.7,-1.35436,11.60559,0.03529,0.02620,0.2494,0.0150,25.00
57.8,-2.38140,5.62990,0.04715,0.03078,1.8449,0.0150,25.00
57.9,2.29998,-6.36668,-0.02946,0.01202,-1.8166,0.0150,25.00
58.0,-1.43313,4.42731,0.01608,0.02265,1.6796,0.0150,25.00
58.1,3.19052,4.43649,-0.03739,-0.03473,-6.6671,0.0150,25.00
58.2,-4.79519,11.75348,0.02015,0.02484,-3.4269,0.0150,25.00
58.3,-2.85916,2.48547,0.02857,0.00722,1.0447,0.0150,25.00
58.4,-1.18549,-10.05145,-0.05538,0.00269,-2.7999,0.0150,25.00
58.5,-2.68209,5.96468,0.04026,-0.00040,1.3939,0.0150,25.00
58.6,2.63743,0.99156,-0.03304,-0.02788,-3.0460,0.0150,25.00
58.7,-6.11651,3.18804,0.05056,0.08057,1.7218,0.0150,25.00
58.8,9.69360,17.59243,0.03877,-0.03114,-0.8759,0.0150,25.00
58.9,-6.76732,-13.99688,-0.11470,0.04669,-6.9115,0.0150,25.00
59.0,-5.11542,6.38883,0.04650,-0.03113,1.0011,0.0150,25.00
59.1,6.63835,-0.31002,0.00200,-0.05313,-2.4153,0.0150,25.00
59.2,-0.17508,2.21577,0.00729,0.01853,0.6023,0.0150,25.00
59.3,-1.95939,8.33059,0.03794,-0.01966,-0.0601,0.0150,25.00
59.4,-1.48182,-12.88693,-0.01170,0.05554,2.7641,0.0150,25.00
59.5,0.28830,5.12879,0.07565,0.02000,4.1740,0.0150,25.00
59.6,0.54074,-7.06239,-0.13533,-0.04520,-9.7109,0.0150,25.00
59.7,-11.45075,-3.92377,0.00183,0.00589,-0.2017,0.0150,25.00
59.8,-1.11875,10.47665,0.06745,-0.03364,3.1000,0.0150,25.00
59.9,1.53947,10.76807,0.02147,0.04017,1.3535,0.0150,25.00
60.0,-2.18886,2.77198,0.01893,0.04593,1.9859,0.0150,25.00
60.1,2.76360,-0.54894,-0.05009,-0.02480,-4.4932,0.0150,25.00
60.2,-4.61853,-0.79772,0.02203,0.02949,2.8698,0.0150,25.00
60.4,4.94971,9.38822,-0.02227,-0.05411,-6.3913,0.0150,25.00
60.5,-7.23994,12.72617,-0.03684,0.03457,-5.7960,0.0150,25.00
60.6,-6.87701,3.36186,0.01059,-0.00392,-1.3652,0.0150,25.00
60.7,0.71640,0.08019,-0.01553,-0.00058,-0.5571,0.0150,25.00
60.8,-1.29376,1.19181,0.01871,0.02260,1.5631,0.0150,25.00
60.9,4.13413,1.38702,-0.02505,-0.01108,-3.5785,0.0150,25.00
61.0,-3.87100,13.97129,0.03373,0.05563,1.9518,0.0150,25.00
61.1,4.63960,12.02793,0.06398,-0.03789,3.3734,0.0150,25.00
61.2,-3.65990,-13.98520,-0.10672,0.00909,-7.4800,0.0150,25.00
61.3,-5.57566,7.31391,0.02386,-0.03933,-1.1735,0.0150,25.00
61.4,1.60048,-1.29186,-0.00963,-0.05586,-1.7914,0.0150,25.00
61.5,-0.54388,1.91235,-0.00818,-0.00701,-2.2221,0.0150,25.00
61.6,-4.58972,6.94750,0.00838,-0.00831,-0.5759,0.0150,25.00
61.7,-1.25408,-5.09750,-0.00242,0.04993,0.2102,0.0150,25.00
61.8,-1.77511,1.79453,0.01541,0.03060,0.8224,0.0150,25.00
61.9,2.93520,1.43433,-0.04915,-0.02513,-3.7382,0.0150,25.00
62.0,-3.11132,3.35814,-0.01596,-0.00564,-3.7415,0.0150,25.00
62.1,-4.83607,6.12915,-0.00005,-0.03763,-2.7246,0.0150,25.00
62.2,-5.36486,-11.34102,-0.00227,0.05335,2.3926,0.0150,25.00
62.3,-0.63538,3.39229,0.08361,0.03083,6.6373,0.0150,25.00
62.4,1.32401,-5.60579,-0.13547,-0.05119,-9.4819,0.0150,25.00
62.5,-11.30160,2.10217,-0.02199,-0.01226,-3.2728,0.0150,25.00
62.6,-5.48719,5.23495,0.03496,-0.03788,1.5143,0.0150,25.00
62.7,1.09611,7.11603,0.02428,0.01815,0.2512,0.0150,25.00
62.8,-3.14224,1.52435,0.02455,0.05649,2.8215,0.0150,25.00
62.9,3.48761,-4.53183,-0.01980,0.02099,0.3588,0.0150,25.00
63.0,-0.16040,2.25832,0.00925,0.02322,0.3471,0.0150,25.00
63.1,4.29363,12.24557,0.01098,-0.06962,-2.8512,0.0150,25.00
63.2,-1.90062,3.65390,0.02882,0.05665,3.5880,0.0150,25.00
63.3,5.56087,15.73912,0.07571,-0.02723,3.6300,0.0150,25.00
63.4,-1.26356,-11.86425,-0.11300,-0.00108,-7.4802,0.0150,25.00
63.5,-6.43522,5.70908,0.04612,-0.00663,2.6296,0.0150,25.00
63.6,7.33167,14.46720,0.03488,-0.09503,-2.8013,0.0150,25.00
63.7,-1.72806,7.14544,0.01232,0.06328,1.5827,0.0150,25.00
63.8,-1.23169,-0.53468,0.01811,0.00426,0.3545,0.0150,25.00
63.9,-1.36087,-8.39909,-0.06599,-0.00214,-3.5696,0.0150,25.00
64.0,-3.28039,3.28604,0.01867,-0.01321,-1.2656,0.0150,25.00
64.1,5.20757,1.86943,-0.01435,-0.05685,-4.3253,0.0150,25.00
64.3,-1.86753,9.31496,0.00262,0.01128,-3.7976,0.0150,25.00
64.3,-4.61010,5.14448,-0.00179,-0.00876,-0.7915,0.0150,25.00
64.4,-3.93228,-14.15755,-0.03919,0.03253,-2.4552,0.0150,25.00
64.5,-2.46868,4.84386,0.06271,0.02220,5.1701,0.0150,25.00
64.7,5.45331,2.65241,-0.09818,-0.07662,-10.7548,0.0150,25.00
64.8,-10.76270,-1.18724,-0.06859,-0.01645,-7.0873,0.0150,25.00
64.9,-10.83219,0.96265,-0.01069,-0.02687,-3.0326,0.0150,25.00
65.0,-0.82190,11.06660,0.03611,0.00059,0.4678,0.0150,25.00
65.1,-3.05317,-0.81629,0.02138,0.05107,2.5784,0.0150,25.00
65.2,3.64276,-3.29032,-0.02088,0.02031,1.5632,0.0150,25.00
65.3,-0.23009,2.55739,0.02063,0.03632,-0.4628,0.0150,25.00
65.4,3.13084,13.08072,0.01539,-0.05466,-1.5386,0.0150,25.00
65.5,-3.20787,-7.03854,-0.00196,0.06567,2.8188,0.0150,25.00
65.6,-0.20595,2.86526,0.05978,0.02510,4.9336,0.0150,25.00
65.7,0.01352,-9.74021,-0.13360,-0.03507,-9.1988,0.0150,25.00
65.8,-10.25012,2.26865,-0.02015,-0.01972,-3.2962,0.0150,25.00
65.9,-4.83059,6.21708,0.03461,-0.04891,0.5907,0.0150,25.00
66.0,0.82766,6.53541,0.03096,0.01535,-0.1713,0.0150,25.00
66.1,-3.21079,8.46926,0.04176,0.03882,2.0796,0.0150,25.00
66.2,2.54884,-3.28875,-0.02285,0.00011,-1.5377,0.0150,25.00
66.3,-1.02786,4.26324,0.01916,0.02460,1.8389,0.0150,25.00
66.4,4.52408,10.71536,-0.03001,-0.05010,-6.4027,0.0150,25.00
66.5,-6.20887,16.99405,-0.00945,0.00350,-5.5276,0.0150,25.00
66.6,-7.46437,0.46679,0.00328,0.01021,-1.6952,0.0150,25.00
66.7,-0.52081,-0.49353,-0.01753,-0.00247,-0.4534,0.0150,25.00
66.8,-2.13489,-0.83876,0.04484,0.04246,4.1699,0.0150,25.00
66.9,6.31375,10.41966,-0.04990,-0.07490,-7.4072,0.0150,25.00
67.0,-9.92923,9.47533,0.01466,0.05215,-3.2220,0.0150,25.00
67.1,-1.52694,1.81930,0.09212,0.01791,6.6783,0.0150,25.00
67.2,0.15674,-8.00279,-0.05295,-0.00071,-2.3542,0.0150,25.00
67.3,-4.69061,-3.05873,0.07780,0.05344,6.1030,0.0150,25.00
67.4,3.32212,-4.93494,-0.14635,-0.06168,-12.9225,0.0150,25.00
67.5,-16.07681,0.39292,-0.06029,-0.00968,-6.7780,0.0150,25.00
67.6,-11.06761,2.49951,0.02226,-0.03182,1.0883,0.0150,25.00
67.7,1.91644,10.44366,0.04111,0.01231,2.0943,0.0150,25.00
67.8,-3.31338,-1.73503,0.03289,0.08424,4.2497,0.0150,25.00
67.9,5.29777,-1.60932,-0.00575,0.02498,1.3355,0.0150,25.00
68.0,0.96005,9.11674,0.01660,0.02973,-2.5343,0.0150,25.00
68.1,2.23902,12.41460,-0.01012,-0.05677,-3.2879,0.0150,25.00
68.2,-6.36119,4.72117,-0.04430,0.02975,-2.4757,0.0150,25.00
68.3,-5.93420,6.16002,-0.01311,-0.01981,-3.3613,0.0150,25.00
68.4,0.09103,-4.25552,-0.01341,-0.02264,0.2867,0.0150,25.00
68.5,-0.17812,3.47761,0.01230,0.00395,-0.1947,0.0150,25.00
68.6,6.70830,20.97741,0.03569,-0.08787,-2.4692,0.0150,25.00
68.8,-2.66610,-0.94376,0.01257,0.06807,2.5630,0.0150,25.00
68.9,-0.48472,3.30217,0.04988,0.01815,4.0802,0.0150,25.00
68.9,0.11969,-12.71531,-0.10033,-0.00157,-6.0897,0.0150,25.00
69.1,-7.75686,1.83875,0.05208,0.02330,4.0885,0.0150,25.00
69.2,7.94669,11.66734,-0.01100,-0.05301,-5.1218,0.0150,25.00
69.3,-7.85701,17.78481,-0.05484,0.02930,-6.6822,0.0150,25.00
69.4,-8.33761,2.28085,-0.00778,-0.02081,-3.8490,0.0150,25.00
69.5,-0.11698,-0.09522,-0.01244,-0.01311,-0.9565,0.0150,25.00
69.6,-2.05574,2.14002,0.01470,0.02257,-0.0308,0.0150,25.00
69.7,6.87774,11.70245,0.01024,-0.07085,-2.6447,0.0150,25.00
69.8,-1.72948,8.65943,0.02755,0.05163,1.0721,0.0150,25.00
69.9,-1.21816,-4.56835,0.03796,0.03157,2.8554,0.0150,25.00
70.0,-0.39353,-10.21440,-0.04999,0.01741,-2.1371,0.0150,25.00
70.1,-1.27920,4.31671,0.13211,0.03957,11.2640,0.0150,25.00
70.2,3.60678,-5.66324,-0.13673,-0.05576,-11.0369,0.0150,25.00
70.3,-14.74803,2.82518,-0.00908,0.02349,-6.5874,0.0150,25.00
70.4,-5.02683,10.29042,0.03533,-0.02589,1.3735,0.0150,25.00
70.5,-0.08150,7.59765,0.00242,0.03381,-1.7690,0.0150,25.00
70.6,-3.82931,-2.08396,0.00355,0.04657,0.4559,0.0150,25.00
70.7,4.36284,-5.66432,-0.00344,-0.01889,-2.6205,0.0150,25.00
70.8,-0.01915,6.58412,0.03739,0.03536,2.2869,0.0150,25.00
70.9,5.84627,20.84645,0.06236,-0.05544,3.5940,0.0150,25.00
71.0,-4.33432,-11.92779,-0.04119,0.07991,-0.0842,0.0150,25.00
71.1,-0.59646,6.98553,0.06126,-0.00454,1.9796,0.0150,25.00
71.2,3.30704,-4.19547,-0.10356,-0.05927,-10.1293,0.0150,25.00
71.3,-10.46112,0.96618,-0.05294,-0.01644,-5.0637,0.0150,25.00
71.4,-6.20189,7.25384,0.01936,-0.06410,-0.3246,0.0150,25.00
71.5,0.32157,16.06659,0.04919,0.00291,0.4616,0.0150,25.00
71.6,-2.37277,8.52915,0.03563,0.03629,3.9218,0.0150,25.00
71.7,1.76563,-2.61929,-0.01675,0.01285,-1.0117,0.0150,25.00
71.8,-1.15134,-0.56012,0.05097,0.05149,5.9154,0.0150,25.00
71.9,9.28441,24.99971,-0.04817,-0.10700,-10.8614,0.0150,25.00
72.0,-13.07611,13.82716,-0.07577,0.02688,-10.2328,0.0150,25.00
72.1,-9.40855,-0.28004,-0.00361,-0.02290,-3.0005,0.0150,25.00
72.2,2.17840,5.05261,0.02644,-0.00475,3.0033,0.0150,25.00
72.3,-1.06319,-0.31412,-0.00043,0.02935,-0.4507,0.0150,25.00
72.4,2.84408,2.54776,0.01761,-0.02799,0.2129,0.0150,25.00
72.5,0.44061,0.52389,0.01757,0.03372,1.7620,0.0150,25.00
72.6,-5.07366,-0.26638,0.02671,0.05501,1.6082,0.0150,25.00
72.7,1.42304,-10.62824,-0.03372,0.02939,-1.3253,0.0150,25.00
72.8,-1.52025,5.45613,-0.01186,-0.00651,-2.6772,0.0150,25.00
72.9,1.49738,2.16591,-0.03132,-0.05826,-6.7299,0.0150,25.00
73.0,-2.77693,11.19044,0.03577,0.02188,-1.4770,0.0150,25.00
73.1,3.46383,18.97135,0.05055,-0.06521,0.7420,0.0150,25.00
73.2,-2.54162,-12.76003,-0.04032,0.05027,0.0317,0.0150,25.00
73.3,-1.22593,5.82136,0.08298,0.02276,5.3551,0.0150,25.00
73.4,6.55683,1.12580,-0.09920,-0.07256,-10.7749,0.0150,25.00
73.5,-12.62754,-0.63265,-0.03852,0.01423,-6.1836,0.0150,25.00
73.7,-7.03643,4.24320,0.01653,-0.03695,-1.0661,0.0150,25.00
73.8,0.10479,15.90117,0.02210,-0.00043,-1.0312,0.0150,25.00
73.9,-3.52820,2.62376,0.00846,0.03776,1.6887,0.0150,25.00
74.0,2.91994,-5.87872,-0.01025,0.00155,1.0019,0.0150,25.00
74.1,1.75708,8.50929,0.01793,0.00897,-0.5672,0.0150,25.00
74.2,-2.06780,0.10388,0.00965,-0.00252,0.6044,0.0150,25.00
74.3,-2.69332,-6.21917,0.01748,0.06752,4.6140,0.0150,25.00
74.4,2.00565,4.74775,0.08468,0.02551,7.1218,0.0150,25.00
74.5,-0.52934,-8.98203,-0.13484,-0.02389,-10.0177,0.0150,25.00
74.6,-9.97134,4.01212,0.01144,-0.01397,-0.7009,0.0150,25.00
74.7,-1.33938,6.38638,0.02535,-0.06044,-0.1986,0.0150,25.00
74.8,0.52955,5.52025,0.01078,0.01232,-2.4425,0.0150,25.00
74.9,-3.83579,4.50780,0.01123,0.03070,-0.5110,0.0150,25.00
75.0,2.30672,-1.79874,-0.02414,-0.00083,-0.8906,0.0150,25.00
75.1,-1.44871,3.24842,-0.00179,0.01071,-0.5854,0.0150,25.00
75.2,2.64967,11.12034,0.01032,-0.06211,-1.7635,0.0150,25.00
75.3,-2.32381,4.43001,0.03665,0.05560,3.7980,0.0150,25.00
75.4,7.98626,19.40607,0.06744,-0.02998,2.8736,0.0150,25.00
75.5,-1.08384,-13.26368,-0.11129,0.01588,-7.1806,0.0150,25.00
75.6,-4.09605,8.55478,0.04279,-0.02398,0.2863,0.0150,25.00
75.7,7.77033,16.26054,0.01274,-0.09875,-3.8759,0.0150,25.00
75.8,-2.32216,10.66550,-0.00291,0.01088,-4.7805,0.0150,25.00
75.9,-5.89535,1.52022,-0.01667,-0.00721,-1.6748,0.0150,25.00
76.0,-2.77973,-10.46440,-0.02363,0.02585,-1.5668,0.0150,25.00
76.1,-1.97024,0.42482,0.08358,0.05024,7.6092,0.0150,25.00
76.2,4.13344,-5.74587,-0.11886,-0.04636,-9.8211,0.0150,25.00
76.3,-11.73567,1.19233,-0.01406,0.00330,-4.5622,0.0150,25.00
76.4,-4.74412,10.04299,0.03480,-0.04063,1.0409,0.0150,25.00
76.5,0.33354,6.75296,0.00239,0.01956,-1.3985,0.0150,25.00
76.6,-3.50860,2.25144,0.00704,0.03801,1.0248,0.0150,25.00
76.7,3.05420,-5.73512,-0.00774,-0.00148,0.7364,0.0150,25.00
76.8,-0.22578,3.78229,0.04468,0.03193,3.9936,0.0150,25.00
76.9,9.32335,19.60692,0.03565,-0.06600,-2.3340,0.0150,25.00
77.0,-4.79035,-9.33200,-0.04821,0.07130,-0.7992,0.0150,25.00
77.1,-3.36977,0.43331,0.02116,0.01645,1.6952,0.0150,25.00
77.2,0.90147,-1.97898,-0.03919,-0.02656,-3.0438,0.0150,25.00
77.3,-3.40680,-0.07901,0.02791,0.02996,3.0896,0.0150,25.00
77.4,7.84667,15.66356,0.02587,-0.07113,-2.8054,0.0150,25.00
77.5,-5.88079,-8.22409,-0.02359,0.08965,0.9216,0.0150,25.00
77.6,0.24566,4.29997,0.08751,0.00966,6.3766,0.0150,25.00
77.7,0.43560,-9.58763,-0.12216,-0.03211,-7.6424,0.0150,25.00
77.8,-8.29777,4.50238,-0.01782,-0.02032,-1.9605,0.0150,25.00
78.0,-2.02333,8.68435,-0.00356,-0.07762,-4.1558,0.0150,25.00
78.0,-2.86141,-3.01587,-0.01431,0.00204,-2.7484,0.0150,25.00
78.2,-3.32354,-8.95715,-0.02929,0.03047,0.8126,0.0150,25.00
78.3,-3.32359,-8.95777,-0.02162,0.02400,1.3374,0.0150,25.00
78.4,-3.32359,-8.95777,-0.01375,0.01550,1.9013,0.0150,25.00
78.5,-3.32359,-8.95777,-0.00798,0.00904,2.3178,0.0150,25.00
78.6,-3.32359,-8.95777,-0.00480,0.00545,2.5475,0.0150,25.00
78.7,-3.32359,-8.95777,-0.00288,0.00327,2.6866,0.0150,25.00
78.8,-3.32359,-8.95777,-0.00173,0.00196,2.7703,0.0150,25.00
78.9,-3.32359,-8.95777,-0.00098,0.00112,2.8241,0.0150,25.00
79.0,-3.32359,-8.95777,-0.00059,0.00067,2.8527,0.0150,25.00
79.1,-8.59766,-5.93496,0.02660,0.04346,3.7282,0.0150,25.00
79.2,4.63318,7.81262,-0.19158,-0.18284,-17.1305,0.0150,25.00
79.3,-25.43506,2.25962,-0.16118,-0.03858,-16.2481,0.0150,25.00
79.4,-15.74870,3.68104,0.00641,-0.08881,-2.6251,0.0150,25.00
79.5,1.99168,4.84104,0.08062,-0.06567,4.0777,0.0150,25.00
79.6,3.83534,9.89177,0.03905,0.02537,2.1231,0.0150,25.00
79.7,2.47507,9.18245,0.07591,0.01895,6.2141,0.0150,25.00
79.8,1.13194,-6.45371,0.03174,0.08149,4.6819,0.0150,25.00
79.9,10.22163,25.63354,0.10513,-0.01824,4.1228,0.0150,25.00
80.0,0.82054,-6.67063,-0.11894,0.00062,-8.0825,0.0150,25.00
80.1,-8.82042,5.43650,0.06527,0.02708,4.0978,0.0150,25.00
80.2,12.55055,25.64515,0.04250,-0.08419,-5.9370,0.0150,25.00
80.3,-7.90742,2.02797,-0.06421,0.08481,-3.9869,0.0150,25.00
80.4,-6.52030,8.36094,0.01143,-0.01121,-0.9921,0.0150,25.00
80.5,0.11627,-4.83433,-0.01462,-0.00866,0.2479,0.0150,25.00
80.6,-0.95500,4.36180,0.05854,0.04360,4.3770,0.0150,25.00
80.7,8.80649,16.97629,-0.00763,-0.04053,-5.7998,0.0150,25.00
80.8,-9.05714,16.49065,-0.01351,0.07348,-2.0341,0.0150,25.00
80.9,-3.68626,6.26925,0.05260,0.00745,3.4641,0.0150,25.00
81.0,1.21133,-10.34778,-0.05218,0.01382,-2.8250,0.0150,25.00
81.1,-1.52370,8.21882,0.01710,-0.00571,-1.1762,0.0150,25.00
81.2,3.87843,7.60458,-0.02599,-0.05655,-7.3372,0.0150,25.00
81.3,-4.04993,12.57509,0.05626,0.06821,2.2886,0.0150,25.00
81.4,10.61233,21.41130,0.05223,-0.03647,0.3030,0.0150,25.00
81.5,-5.98861,-14.83523,-0.12312,0.04931,-6.8977,0.0150,25.00
81.6,-6.84384,5.52023,0.02516,-0.02425,-0.7150,0.0150,25.00
81.7,3.99619,7.50037,0.02110,-0.07308,-0.4533,0.0150,25.00
81.8,0.82242,3.49394,-0.01384,0.00086,-1.3130,0.0150,25.00
82.0,-4.02911,5.26527,0.00666,-0.00317,-1.7275,0.0150,25.00
82.0,-0.56949,2.92652,0.03055,0.04927,3.1540,0.0150,25.00
82.1,-0.27563,-0.17052,0.05309,0.05938,4.9763,0.0150,25.00
82.2,3.47252,2.74676,-0.03171,-0.02093,-1.7586,0.0150,25.00
82.4,-5.58521,2.56334,0.00217,0.01472,-1.6481,0.0150,25.00
82.5,-2.88509,8.25005,-0.00992,-0.04507,-4.6427,0.0150,25.00
82.6,-4.80389,-6.25661,0.00482,0.05750,2.7231,0.0150,25.00
82.7,0.31309,3.42575,0.10683,0.05000,8.9709,0.0150,25.00
82.8,2.59888,-5.94605,-0.10867,-0.01530,-6.4087,0.0150,25.00
82.9,-10.28395,-3.35113,0.07006,0.05326,4.7228,0.0150,25.00
83.0,7.33500,18.16545,0.00164,-0.08950,-5.3541,0.0150,25.00
83.1,-10.85376,14.26431,-0.10568,0.03096,-10.5329,0.0150,25.00
83.2,-10.02104,7.20293,-0.00371,-0.03573,-2.5508,0.0150,25.00
83.3,0.63640,-0.71417,0.02698,-0.00578,3.0048,0.0150,25.00
83.4,-0.78713,2.10526,0.02382,0.04006,0.4042,0.0150,25.00
83.5,4.86763,10.46892,0.05737,-0.01525,4.0940,0.0150,25.00
83.6,1.01347,11.67699,0.01564,0.05746,2.2612,0.0150,25.00
83.7,-1.89239,-0.33464,-0.00292,0.02079,-1.6658,0.0150,25.00
83.8,-1.17822,-9.63006,-0.03856,0.01273,-2.4697,0.0150,25.00
83.9,-1.02678,3.80707,0.07426,0.02264,4.8540,0.0150,25.00
84.0,6.46946,2.96670,-0.08896,-0.07267,-9.9323,0.0150,25.00
84.1,-11.78905,8.74469,-0.02479,0.01636,-6.7113,0.0150,25.00
84.2,-6.96898,3.60997,0.03016,-0.01288,2.0177,0.0150,25.00
84.3,1.40013,1.73470,0.01309,0.01897,1.7056,0.0150,25.00
84.4,-2.17715,0.23627,0.02918,0.05479,3.6785,0.0150,25.00
84.5,3.20846,-2.40141,-0.01464,-0.00224,-1.8419,0.0150,25.00
84.6,-2.31313,8.24971,0.03972,0.04644,-0.9766,0.0150,25.00
84.7,6.11993,17.01498,0.03356,-0.05216,-1.5114,0.0150,25.00
84.8,-3.45926,-13.33102,-0.10382,0.02890,-7.5326,0.0150,25.00
84.9,-6.59534,6.92403,-0.00238,-0.02073,-2.5444,0.0150,25.00
85.0,1.02261,-7.64840,-0.00729,-0.02622,-0.4028,0.0150,25.00
85.1,0.69417,6.37304,0.01504,0.00108,1.8994,0.0150,25.00
85.2,-0.29028,7.65241,0.00311,-0.02523,-3.2425,0.0150,25.00
85.3,-2.76368,10.83252,0.02064,0.03716,0.4317,0.0150,25.00
85.4,-1.61961,1.94463,0.03903,0.04013,3.4416,0.0150,25.00
85.5,3.26517,2.43693,-0.05340,-0.04296,-5.6326,0.0150,25.00
85.6,-4.55384,4.18665,-0.02404,-0.00726,-3.2596,0.0150,25.00
85.7,-2.72576,8.35103,-0.00588,-0.06650,-4.1206,0.0150,25.00
85.8,-3.90700,6.39747,0.03343,0.02684,1.7036,0.0150,25.00
85.9,0.36458,6.61783,0.07416,0.02711,5.5401,0.0150,25.00
86.0,0.70011,-12.58211,-0.10662,-0.00717,-6.4594,0.0150,25.00
86.1,-5.92699,5.73685,0.05603,0.01271,4.2023,0.0150,25.00
86.2,7.80769,9.12142,-0.00456,-0.03898,-5.5493,0.0150,25.00
86.3,-6.71909,17.56164,-0.02681,0.04439,-2.7540,0.0150,25.00
86.4,-4.46693,4.95024,0.01932,-0.00693,-1.0247,0.0150,25.00
86.6,0.63038,-4.23748,-0.01515,0.01164,-0.2806,0.0150,25.00
86.7,-1.31350,-5.15888,0.07954,0.07459,8.8784,0.0150,25.00
86.8,8.20458,7.29915,-0.09678,-0.08545,-12.8764,0.0150,25.00
86.9,-14.50991,7.66157,-0.05192,0.01617,-7.8058,0.0150,25.00
87.0,-9.57572,-2.53170,0.01803,-0.01280,0.9265,0.0150,25.00
87.1,2.86238,9.65607,0.03815,0.01009,2.3473,0.0150,25.00
87.2,-1.95141,-2.03011,0.02195,0.05912,2.7613,0.0150,25.00
87.3,9.63586,5.96239,0.00664,-0.02749,-3.0132,0.0150,25.00
87.4,-0.71582,9.73086,0.00649,0.04426,-3.7359,0.0150,25.00
87.5,-2.85135,7.93470,-0.01402,-0.03762,-3.7108,0.0150,25.00
87.6,-5.33131,-11.59032,-0.02859,0.03586,0.0346,0.0150,25.00
87.7,-1.21081,5.45842,0.03438,-0.00852,1.3067,0.0150,25.00
87.8,0.73913,-2.95536,-0.04581,-0.02298,-2.8727,0.0150,25.00
87.9,-5.88915,-5.24265,0.06467,0.06501,5.6228,0.0150,25.00
88.0,10.21834,24.99475,0.02007,-0.08253,-4.8287,0.0150,25.00
88.1,-10.92429,-6.37727,-0.10026,0.07592,-5.2863,0.0150,25.00
88.2,-6.10848,5.64106,0.03852,-0.01867,1.2266,0.0150,25.00
88.3,4.86365,-3.36055,0.01137,-0.00140,2.4587,0.0150,25.00
88.4,0.98587,8.10261,-0.01535,0.01175,-3.6624,0.0150,25.00
88.5,-1.92779,8.95223,-0.01289,-0.04828,-4.4868,0.0150,25.00
88.6,-3.00674,10.96470,0.01168,0.01603,-2.0216,0.0150,25.00
88.7,-4.25522,0.53486,0.00658,0.02833,0.4510,0.0150,25.00
88.8,1.88274,-2.22369,0.00997,0.01524,1.7602,0.0150,25.00
88.9,0.23998,3.82460,0.04115,0.03241,3.1489,0.0150,25.00
89.0,8.71081,16.77670,0.00679,-0.05073,-4.4605,0.0150,25.00
89.1,-5.37192,16.29533,0.03347,0.05395,0.4962,0.0150,25.00
89.2,3.04199,12.45273,0.07625,-0.02552,4.7246,0.0150,25.00
89.3,0.29243,-5.66227,-0.09398,-0.01627,-5.3819,0.0150,25.00
89.4,-3.37184,9.66127,0.06606,-0.00407,4.7077,0.0150,25.00
89.5,4.54578,7.07550,-0.05050,-0.06650,-6.5154,0.0150,25.00
89.6,-9.50540,10.77878,-0.01935,0.00850,-7.1712,0.0150,25.00
89.7,-6.06795,10.72463,0.01217,-0.02991,-0.0066,0.0150,25.00
89.8,-1.41084,-4.16276,-0.00598,0.02851,0.1266,0.0150,25.00
89.9,-0.98941,3.02313,0.04747,0.03798,4.1047,0.0150,25.00
90.0,4.70480,5.51660,-0.05559,-0.04764,-6.1747,0.0150,25.00
90.1,-8.25905,3.45905,0.01033,0.02853,-5.4300,0.0150,25.00
90.2,-2.64176,9.08316,0.01247,-0.03614,-1.4264,0.0150,25.00
90.3,-3.75185,-10.52034,-0.05740,0.02297,-3.2096,0.0150,25.00
90.4,-3.45266,7.25812,0.00018,-0.01100,-1.6690,0.0150,25.00
90.5,1.34237,-7.52005,-0.04303,-0.02626,-4.5160,0.0150,25.00
90.6,-3.17635,5.99636,0.03878,0.02615,2.3360,0.0150,25.00
90.7,7.10901,13.59105,0.03438,-0.04780,-0.4831,0.0150,25.00
90.9,-7.42636,-11.05511,-0.02513,0.09987,1.2900,0.0150,25.00
91.0,0.28349,3.98242,0.09570,0.01032,7.1880,0.0150,25.00
91.1,1.42953,-6.58740,-0.14769,-0.06032,-10.7296,0.0150,25.00
91.2,-11.66585,1.83370,-0.04189,-0.02526,-4.7424,0.0150,25.00
91.3,-5.56592,2.48513,0.02045,-0.04540,-0.0164,0.0150,25.00
91.4,-0.45766,-3.10929,0.02252,0.01415,1.1438,0.0150,25.00
91.5,-2.81413,5.51076,0.03617,0.04227,2.4399,0.0150,25.00
91.6,4.39866,-3.09080,-0.02166,0.00645,-0.7908,0.0150,25.00
91.7,-0.90287,4.04820,-0.01589,0.00346,-2.4292,0.0150,25.00
91.8,-0.85258,5.38230,-0.01231,-0.04664,-3.1658,0.0150,25.00
91.9,-3.91374,1.06207,0.03684,0.04071,1.6588,0.0150,25.00
92.0,3.16217,5.20822,0.08130,0.00727,5.2966,0.0150,25.00
92.1,0.32556,-8.42905,-0.09928,0.00002,-5.1964,0.0150,25.00
92.2,-5.15933,3.99073,0.09664,0.02247,7.7273,0.0150,25.00
92.3,8.99134,14.98429,-0.06252,-0.10968,-10.5213,0.0150,25.00
92.4,-14.15183,3.26509,-0.05922,0.02879,-8.3869,0.0150,25.00
92.5,-8.53440,2.41828,0.02527,-0.01145,1.2333,0.0150,25.00
92.6,1.53646,10.66609,0.01098,0.00442,-0.6693,0.0150,25.00
92.7,-3.14575,1.26616,-0.01566,0.02461,-1.1460,0.0150,25.00
92.8,0.69971,-3.22601,-0.00727,-0.01637,-1.3657,0.0150,25.00
92.9,1.26719,7.80794,0.00895,0.00153,-0.1521,0.0150,25.00
93.0,-2.36782,3.98852,0.00234,-0.01683,-2.4764,0.0150,25.00
93.1,-1.91444,2.66236,0.01155,0.05110,1.0575,0.0150,25.00
93.2,-2.00459,-1.30879,0.02527,0.04169,2.8659,0.0150,25.00
93.3,2.17173,-2.20603,-0.02191,-0.00567,-0.2526,0.0150,25.00
93.4,-1.68047,-1.18564,0.03448,0.03375,1.7022,0.0150,25.00
93.5,5.81109,12.32508,-0.00841,-0.04538,-3.3351,0.0150,25.00
93.6,-8.64845,-6.49883,-0.06618,0.07719,-1.6154,0.0150,25.00
93.7,-4.48541,3.85907,0.05790,0.01275,4.9310,0.0150,25.00
93.8,3.61848,-1.18156,-0.02714,-0.01370,-1.6536,0.0150,25.00
94.0,-3.43565,-3.33300,0.06893,0.06964,4.4519,0.0150,25.00
94.0,8.91487,19.16101,-0.04657,-0.08433,-7.2465,0.0150,25.00
94.1,-14.66473,10.76565,-0.08432,0.05195,-8.2818,0.0150,25.00
94.2,-9.07820,0.40094,0.00705,-0.02877,-2.9095,0.0150,25.00
94.3,2.52648,-2.14962,0.01543,-0.01093,2.4309,0.0150,25.00
94.4,-0.90100,1.91353,-0.00767,0.01237,-2.5908,0.0150,25.00
94.5,-1.37797,1.91232,0.00551,-0.02222,-1.8992,0.0150,25.00
94.6,0.35470,1.98068,0.00777,-0.00013,-2.1873,0.0150,25.00
94.8,-4.32113,1.12516,-0.00649,0.02101,-1.6614,0.0150,25.00
94.8,0.78419,0.95104,0.02484,0.03563,3.1817,0.0150,25.00
94.9,0.89115,1.25283,0.01061,0.02059,-0.1500,0.0150,25.00
95.0,2.32894,4.22468,-0.01688,-0.04407,-3.1062,0.0150,25.00
95.2,-3.12343,3.27055,0.00029,0.00745,-2.6976,0.0150,25.00
95.3,-4.99753,8.00208,-0.01662,-0.01521,-1.6704,0.0150,25.00
95.4,-2.42241,0.57152,-0.02643,0.00357,-1.5663,0.0150,25.00
95.5,-2.85082,2.95070,0.00082,-0.00263,-1.1741,0.0150,25.00
95.6,3.58831,-0.15668,-0.01940,-0.05744,-5.0825,0.0150,25.00
95.7,-2.75454,7.68567,0.03281,0.01904,1.0043,0.0150,25.00
95.8,0.12304,9.79830,0.01438,-0.02095,-1.4664,0.0150,25.00
95.9,-2.67638,-12.75589,-0.01324,0.05790,1.7936,0.0150,25.00
96.0,5.36207,11.50758,0.13244,0.01295,9.6022,0.0150,25.00
96.1,1.63181,-8.24835,-0.13988,-0.02438,-9.0499,0.0150,25.00
96.2,-11.75115,2.44509,0.04784,0.02234,3.2282,0.0150,25.00
96.3,0.66582,7.44046,0.08263,-0.02157,3.9944,0.0150,25.00
96.4,-2.66683,-10.58329,-0.01667,0.08105,2.6234,0.0150,25.00
96.5,2.14151,10.32855,0.04568,-0.01164,1.1366,0.0150,25.00
96.6,0.03390,-3.19839,-0.14146,-0.06132,-10.9520,0.0150,25.00
96.7,-12.07202,5.26846,-0.03977,-0.03752,-4.8735,0.0150,25.00
96.8,-5.69918,0.93005,0.04012,-0.03900,0.3017,0.0150,25.00
96.9,0.48934,0.19512,0.02356,0.01448,0.7245,0.0150,25.00
97.0,-3.29931,-0.14423,0.00678,0.04892,-0.3834,0.0150,25.00
97.1,3.32054,-2.43367,0.00403,0.02688,2.8314,0.0150,25.00
97.2,-1.23547,-2.84997,-0.00310,0.04316,0.1049,0.0150,25.00
97.3,1.76893,5.27828,0.01002,-0.03891,-0.3631,0.0150,25.00
97.4,-0.68363,2.79738,0.03332,0.03681,0.2907,0.0150,25.00
97.5,-2.02635,1.79467,0.02363,0.03898,1.1901,0.0150,25.00
97.6,1.24894,-7.62789,-0.04822,0.00959,-3.4038,0.0150,25.00
97.7,-1.08869,5.10692,0.03811,0.00725,2.6440,0.0150,25.00
97.8,2.68752,7.40671,-0.05736,-0.06482,-7.6924,0.0150,25.00
97.9,-9.96548,8.21816,-0.00735,0.01350,-5.8625,0.0150,25.00
98.0,-5.18104,9.32428,0.03214,-0.01197,1.6587,0.0150,25.00
98.1,-1.29916,-4.38822,-0.00254,0.05094,1.4662,0.0150,25.00
98.2,-0.25788,-0.02652,0.04159,0.03855,3.0299,0.0150,25.00
98.3,4.32590,6.18462,-0.04733,-0.04773,-5.1063,0.0150,25.00
98.4,-7.97090,-2.56435,0.00675,0.03729,-1.2211,0.0150,25.00
98.5,-1.67870,4.92711,0.03135,-0.03166,-0.1897,0.0150,25.00
98.6,-2.95624,-13.97265,-0.02764,0.05309,0.3615,0.0150,25.00
98.7,-1.29150,9.06008,0.07578,0.02165,5.3707,0.0150,25.00
98.8,1.34486,-11.73965,-0.14520,-0.02047,-8.4677,0.0150,25.00
98.9,-11.36434,-0.30341,-0.01955,-0.00987,-3.0155,0.0150,25.00
99.0,-4.20075,6.91258,0.03128,-0.05573,0.8535,0.0150,25.00
99.1,0.07735,10.28324,0.00929,0.00352,-2.3663,0.0150,25.00
99.3,-2.73287,5.73934,-0.00940,0.00544,-1.2644,0.0150,25.00
99.4,0.61355,-2.49814,-0.01542,-0.00153,0.1029,0.0150,25.00
99.5,0.11059,8.45048,-0.00080,-0.00907,-2.8173,0.0150,25.00
99.6,-1.33092,5.63994,0.00501,-0.03310,-2.1283,0.0150,25.00
99.7,-1.56683,9.47197,0.01264,0.02104,-1.7339,0.0150,25.00
99.8,-2.24922,6.08661,0.00074,0.00405,-0.9885,0.0150,25.00
99.9,1.23245,-3.56366,-0.01449,0.00396,-0.6629,0.0150,25.00
100.0,0.59574,5.18524,0.02380,0.00127,-0.7681,0.0150,25.00
100.1,2.26439,6.12383,0.00205,-0.05169,-2.2246,0.0150,25.00
100.2,-3.40270,4.52303,0.01035,0.04256,0.1267,0.0150,25.00
100.3,-2.47349,2.75807,0.01302,0.01252,0.7896,0.0150,25.00
100.4,-0.05975,-7.04977,-0.05319,-0.00497,-3.9521,0.0150,25.00
100.5,-1.99632,2.16435,0.02079,0.01489,0.8196,0.0150,25.00
100.6,2.34285,-0.35972,-0.05936,-0.04353,-5.7158,0.0150,25.00
100.7,-5.30190,10.72120,0.02092,0.02052,-3.1509,0.0150,25.00
100.8,-2.82575,7.10600,0.03998,-0.00040,2.8584,0.0150,25.00
100.9,0.46394,-9.40204,-0.03368,0.01805,-0.7315,0.0150,25.00
101.0,-2.01567,4.90713,0.06900,0.03713,6.5566,0.0150,25.00
101.1,5.70222,-5.13039,-0.11351,-0.06227,-11.6419,0.0150,25.00
101.2,-12.63396,1.77314,-0.01481,0.01473,-5.8238,0.0150,25.00
101.3,-4.29626,4.38863,0.04498,-0.02896,1.2077,0.0150,25.00
101.4,1.91925,5.69813,0.01229,0.02374,0.2239,0.0150,25.00
101.5,-2.13556,4.84085,0.00876,0.02515,1.3256,0.0150,25.00
101.6,2.83997,-2.58535,-0.00871,-0.01337,0.9319,0.0150,25.00
101.7,-0.26765,4.57816,0.03756,0.01593,2.7834,0.0150,25.00
101.8,1.12367,6.11512,0.03401,-0.01255,-0.0489,0.0150,25.00
101.9,-3.33350,-10.11590,-0.00067,0.07859,3.0994,0.0150,25.00
102.0,0.80534,5.09823,0.06019,0.01427,2.8491,0.0150,25.00
102.1,1.13405,-6.04846,-0.15026,-0.04959,-10.2323,0.0150,25.00
102.2,-13.18712,3.68466,-0.05058,-0.03170,-4.9637,0.0150,25.00
102.3,-6.45985,2.81495,0.02556,-0.06333,-1.0275,0.0150,25.00
102.4,-1.08199,0.22485,0.02175,0.01222,0.9363,0.0150,25.00
102.5,-2.55151,3.42477,0.00408,0.02210,-2.1148,0.0150,25.00
102.6,2.18938,-4.79387,-0.00676,0.01943,1.0215,0.0150,25.00
102.7,-0.02105,3.89287,0.00915,0.02590,-1.0714,0.0150,25.00
102.8,3.30191,6.11642,0.01418,-0.04508,-0.2746,0.0150,25.00
102.9,-0.48308,4.21528,0.01946,0.02933,-0.9035,0.0150,25.00
103.0,-3.02937,3.59091,0.00916,0.02948,-0.2105,0.0150,25.00
103.1,2.10254,-0.94707,-0.00133,0.01884,0.3417,0.0150,25.00
103.2,0.76111,1.01300,0.05455,0.03788,4.9409,0.0150,25.00
103.3,6.68490,14.37211,-0.05534,-0.07594,-7.5808,0.0150,25.00
103.5,-10.30094,4.62778,-0.03826,0.01441,-6.1662,0.0150,25.00
103.6,-6.22949,6.67777,0.00718,-0.02557,-0.4384,0.0150,25.00
103.7,-1.37515,-0.04516,0.00056,0.03455,0.6785,0.0150,25.00
103.8,-1.23915,1.74808,0.01659,0.02015,1.1741,0.0150,25.00
103.9,3.72006,-4.12842,-0.01096,-0.02262,-1.7734,0.0150,25.00
104.0,-0.15015,2.54477,0.02174,0.01939,0.4770,0.0150,25.00
104.1,-0.85134,8.15897,0.01785,-0.00831,-1.6196,0.0150,25.00
104.2,-3.12691,-6.37271,-0.02663,0.04993,-1.9684,0.0150,25.00
104.3,-1.37191,8.73558,0.00560,-0.01829,-0.9691,0.0150,25.00
104.4,0.72794,-5.76557,-0.06134,-0.02569,-4.8300,0.0150,25.00
104.5,-2.97095,6.19401,0.03235,-0.00060,-0.0697,0.0150,25.00
104.6,3.44125,12.95641,0.01505,-0.06715,-0.6904,0.0150,25.00
104.7,-5.18933,-10.83964,-0.01825,0.07746,2.3053,0.0150,25.00
104.8,-0.49324,6.34820,0.05820,0.01051,3.5542,0.0150,25.00
104.9,3.20248,-3.41946,-0.09242,-0.04129,-7.9136,0.0150,25.00
105.0,-9.23848,-3.59479,0.00502,0.01090,0.9190,0.0150,25.00
105.1,-9.21267,-4.67609,0.01746,-0.00585,2.9161,0.0150,25.00
105.2,-9.21266,-4.67621,0.01330,-0.00594,2.5931,0.0150,25.00
105.3,-9.21266,-4.67621,0.00852,-0.00403,2.2037,0.0150,25.00
105.4,-9.21266,-4.67621,0.00496,-0.00239,1.9111,0.0150,25.00
105.5,-9.21266,-4.67621,0.00299,-0.00145,1.7489,0.0150,25.00
105.6,-9.21266,-4.67621,0.00179,-0.00087,1.6506,0.0150,25.00
105.7,-9.21266,-4.67621,0.00102,-0.00049,1.5871,0.0150,25.00
105.8,-9.21266,-4.67621,0.00061,-0.00030,1.5534,0.0150,25.00
105.9,-9.21266,-4.67621,0.00037,-0.00018,1.5332,0.0150,25.00
106.0,-6.58059,20.57370,0.04166,-0.03797,1.0087,0.0150,25.00
106.1,-10.51196,3.81522,-0.31627,-0.16162,-27.1845,0.0150,25.00
106.2,-24.83404,8.02160,-0.09186,-0.11415,-14.7733,0.0150,25.00
106.3,-14.59420,6.55983,0.01686,-0.07279,-2.1125,0.0150,25.00
106.4,1.36647,7.75070,0.06406,0.01309,4.3159,0.0150,25.00
106.5,0.65445,-0.67744,0.07982,0.09674,6.6324,0.0150,25.00
106.6,6.49974,13.75800,-0.03544,-0.02013,-4.8560,0.0150,25.00
106.7,-8.05218,8.46772,0.01453,0.07769,-2.8422,0.0150,25.00
106.8,0.68178,7.62078,0.01207,-0.03068,-2.3788,0.0150,25.00
106.9,-3.53002,-11.40203,-0.04441,0.05685,-1.9690,0.0150,25.00
107.0,-2.46276,4.51417,0.04132,0.02195,3.0189,0.0150,25.00
107.1,2.13502,-0.60947,-0.04005,-0.01198,-3.1101,0.0150,25.00
107.2,-5.58295,2.64383,0.06315,0.06882,3.1159,0.0150,25.00
107.3,8.48803,16.58523,0.02320,-0.03551,-2.8105,0.0150,25.00
107.4,-8.35062,-10.45284,-0.09858,0.07091,-6.4135,0.0150,25.00
107.5,-4.56812,7.83415,0.05181,-0.01149,2.0689,0.0150,25.00
107.6,4.69500,-2.04265,0.01555,0.00185,3.2052,0.0150,25.00
107.8,2.65537,11.19209,0.01589,0.01614,-0.5122,0.0150,25.00
107.9,1.41128,5.08475,0.00239,-0.01718,-1.3660,0.0150,25.00
108.0,-1.83749,9.36913,0.01114,0.02367,-1.7216,0.0150,25.00
108.1,-3.78564,2.85687,0.01879,0.02945,0.0230,0.0150,25.00
108.2,2.38278,0.56829,-0.01552,-0.00481,-0.5779,0.0150,25.00
108.3,-1.29990,0.46924,0.05092,0.03692,3.1900,0.0150,25.00
108.4,6.04487,10.49752,-0.04008,-0.06137,-8.3693,0.0150,25.00
108.5,-10.81682,14.65605,-0.02878,0.03849,-6.3164,0.0150,25.00
108.6,-6.57444,2.96584,0.03305,-0.00196,1.5169,0.0150,25.00
108.7,3.14361,-1.12982,0.01842,0.01878,2.0078,0.0150,25.00
108.8,0.85750,2.50163,0.03499,0.05051,2.1332,0.0150,25.00
108.9,3.77463,3.83725,-0.02280,-0.01278,-3.1566,0.0150,25.00
109.0,-4.91199,18.10699,0.00678,0.02331,-3.5876,0.0150,25.00
109.1,-3.24244,8.88409,0.00272,-0.01799,-1.4493,0.0150,25.00
109.2,-3.62274,-10.89911,-0.02227,0.05060,0.3312,0.0150,25.00
109.3,-1.09398,2.62878,0.09765,0.04448,7.9247,0.0150,25.00
109.4,3.60100,-3.53071,-0.12832,-0.05972,-10.8144,0.0150,25.00
109.5,-13.72270,1.44307,-0.03318,-0.00180,-6.7914,0.0150,25.00
109.6,-7.13857,0.13035,0.04675,-0.02013,1.7145,0.0150,25.00
109.7,2.57534,6.01119,0.04271,0.02746,1.0626,0.0150,25.00
109.8,-1.92765,1.42801,0.03612,0.07434,4.8097,0.0150,25.00
109.9,3.59538,2.02488,-0.02802,0.00021,-0.7805,0.0150,25.00
110.0,-2.99787,3.55473,0.03092,0.03903,0.4629,0.0150,25.00
110.1,5.72993,15.77989,-0.01294,-0.06437,-5.4384,0.0150,25.00
110.2,-8.03394,2.09700,-0.05813,0.06196,-2.4878,0.0150,25.00
110.3,-4.52416,9.66445,0.03583,-0.01773,0.7764,0.0150,25.00
110.4,3.50344,-1.18785,-0.00169,-0.00513,1.0051,0.0150,25.00
110.5,1.62027,5.33531,0.02057,0.01204,-0.9878,0.0150,25.00
110.6,4.89322,14.82219,0.02336,-0.06381,-1.1768,0.0150,25.00
110.7,-3.65715,-0.70079,-0.00902,0.06454,0.7474,0.0150,25.00
110.8,-1.86714,4.74519,0.03216,0.00855,1.1974,0.0150,25.00
110.9,1.11843,-7.78735,-0.06070,-0.00805,-4.4036,0.0150,25.00
111.0,-3.62336,2.09830,0.03793,0.01343,2.2740,0.0150,25.00
111.1,6.05040,10.17270,-0.01800,-0.05997,-6.4228,0.0150,25.00
111.2,-7.03992,7.53173,-0.00276,0.06747,1.0107,0.0150,25.00
111.3,-3.11068,2.76859,0.02884,0.01587,1.7106,0.0150,25.00
111.4,-0.82970,-10.53118,-0.02883,0.02115,-1.4044,0.0150,25.00
111.5,-2.15663,-0.71460,0.07588,0.05496,7.6926,0.0150,25.00
111.6,7.37714,6.57697,-0.09656,-0.08421,-12.9002,0.0150,25.00
111.7,-13.04047,1.78255,-0.05005,-0.01999,-8.3349,0.0150,25.00
111.8,-9.37175,7.80617,0.00219,-0.04533,-1.6848,0.0150,25.00
111.9,-0.04142,11.81093,0.00748,-0.01018,-0.9191,0.0150,25.00
112.0,-3.75305,-1.19456,-0.01307,0.01997,-1.3707,0.0150,25.00
112.2,1.59363,-3.84423,0.01347,-0.00827,0.0438,0.0150,25.00
112.3,2.02542,4.66343,0.03066,0.02413,2.6143,0.0150,25.00
112.4,-1.46624,2.62677,0.05144,0.03515,3.0623,0.0150,25.00
112.5,1.70012,-7.49217,0.01447,0.07382,2.7413,0.0150,25.00
112.6,0.23962,1.91026,0.03379,0.05798,2.7713,0.0150,25.00
112.7,2.17388,-5.07242,-0.11286,-0.04372,-9.2902,0.0150,25.00
112.8,-9.00596,2.82877,-0.01527,-0.01751,-2.2639,0.0150,25.00
112.9,-5.34380,4.81136,0.01959,-0.03166,-0.1823,0.0150,25.00
113.0,-0.34928,6.84863,0.03010,0.02005,-0.3002,0.0150,25.00
113.1,-2.71541,2.12614,0.01939,0.03780,1.6878,0.0150,25.00
113.2,3.03473,-4.22139,-0.03361,-0.00178,-1.6744,0.0150,25.00
113.3,-1.07331,4.70400,0.03929,0.02512,-0.1231,0.0150,25.00
113.4,6.32907,10.48353,-0.01921,-0.04724,-5.3759,0.0150,25.00
113.5,-7.39579,11.11154,-0.01205,0.05379,-1.3067,0.0150,25.00
113.6,-4.08565,0.77936,0.02927,0.01007,0.3186,0.0150,25.00
113.7,0.99223,-3.51804,-0.05421,-0.02103,-4.5670,0.0150,25.00
113.8,-2.59279,5.27126,0.03312,0.00540,2.0018,0.0150,25.00
113.9,4.47261,5.77197,-0.03243,-0.05083,-7.7045,0.0150,25.00
114.0,-6.60543,18.90425,0.02154,0.03714,-1.4706,0.0150,25.00
114.1,-4.25298,-1.79254,0.04136,0.02186,2.7402,0.0150,25.00
114.2,-0.25436,-9.29614,-0.04803,0.01398,-1.1635,0.0150,25.00
114.3,-2.12592,8.67728,0.02912,-0.00102,1.0213,0.0150,25.00
114.4,0.04282,0.01842,-0.05362,-0.03695,-5.4212,0.0150,25.00
114.5,-6.42096,11.96065,0.01344,0.00880,-4.7513,0.0150,25.00
114.6,-4.69491,7.64663,0.00685,-0.01605,-0.5061,0.0150,25.00
114.7,-4.09063,-10.16587,-0.04681,0.03395,-2.4055,0.0150,25.00
114.8,-2.96763,4.76471,0.01597,0.00690,0.0513,0.0150,25.00
114.9,1.72474,-3.69035,-0.04856,-0.02684,-5.2290,0.0150,25.00
115.0,-3.49928,4.38006,0.02379,0.01950,-0.3102,0.0150,25.00
115.1,0.28970,10.82058,0.03015,-0.04277,-1.3593,0.0150,25.00
115.2,-3.12045,-13.47594,-0.02219,0.06347,1.3954,0.0150,25.00
115.3,-0.64851,6.17189,0.05942,0.01344,3.5702,0.0150,25.00
115.4,3.84063,-2.10813,-0.09949,-0.05327,-10.0134,0.0150,25.00
115.5,-7.91737,2.69581,0.00048,-0.00288,-0.9962,0.0150,25.00
115.6,-0.69868,13.91067,0.04525,-0.06307,0.0543,0.0150,25.00
115.7,-0.64896,8.88954,0.02498,0.04060,1.6041,0.0150,25.00
115.8,-1.01882,4.50690,0.03085,0.03790,2.4711,0.0150,25.00
115.9,1.90854,-5.20268,-0.02851,0.01223,-0.6054,0.0150,25.00
116.0,-1.82955,-3.46263,0.06631,0.06224,5.5331,0.0150,25.00
116.1,10.17299,19.12729,-0.05118,-0.09477,-10.3262,0.0150,25.00
116.2,-15.05954,9.28828,-0.06714,0.06684,-5.6897,0.0150,25.00
116.3,-6.67600,2.18450,0.04498,-0.01574,1.9376,0.0150,25.00
116.5,3.97099,-4.00536,0.02619,0.02174,3.6912,0.0150,25.00
116.6,0.91629,2.63009,-0.01530,0.01905,-2.8816,0.0150,25.00
116.7,0.52282,5.34553,-0.03442,-0.05486,-6.2675,0.0150,25.00
116.8,-4.67344,6.85758,0.00651,0.01453,-2.8611,0.0150,25.00
116.9,-4.76764,7.12187,0.01535,0.00226,0.2415,0.0150,25.00
117.0,1.29530,-4.04627,0.01274,0.03325,1.4597,0.0150,25.00
117.1,1.93268,6.29716,0.02829,0.02195,1.5844,0.0150,25.00
117.2,3.07365,-0.16972,-0.05004,-0.01260,-5.7472,0.0150,25.00
117.3,-5.73970,7.55868,0.00209,0.00764,-5.9712,0.0150,25.00
117.4,-4.40944,8.44989,0.00660,-0.03313,-1.0714,0.0150,25.00
117.5,-3.16550,-10.26168,-0.02792,0.02634,-1.2602,0.0150,25.00
117.6,-1.68666,3.81036,0.04748,0.01888,3.2102,0.0150,25.00
117.7,4.04671,0.05121,-0.07314,-0.04976,-7.7135,0.0150,25.00
117.8,-10.22842,-1.48634,0.02440,0.05772,-1.0824,0.0150,25.00
117.9,6.35667,24.50185,0.07159,-0.08524,0.9768,0.0150,25.00
118.0,-2.00396,-9.35596,-0.07658,0.02572,-4.5624,0.0150,25.00
118.1,-4.67482,3.70241,0.00569,-0.00586,-1.6971,0.0150,25.00
118.2,3.11423,17.04097,0.01979,-0.14880,-5.7137,0.0150,25.00
118.3,3.16891,17.13454,0.01344,-0.15201,-6.5980,0.0150,25.00
118.4,3.16892,17.13455,0.00836,-0.10340,-6.3529,0.0150,25.00
118.5,3.16892,17.13455,0.00507,-0.06435,-6.0626,0.0150,25.00
118.6,3.16892,17.13455,0.00289,-0.03708,-5.8448,0.0150,25.00
118.7,3.16892,17.13455,0.00173,-0.02228,-5.7243,0.0150,25.00
118.8,3.16892,17.13455,0.00104,-0.01336,-5.6512,0.0150,25.00
118.9,3.16892,17.13455,0.00059,-0.00760,-5.6040,0.0150,25.00
119.0,3.16892,17.13455,0.00035,-0.00455,-5.5790,0.0150,25.00
119.1,3.16892,17.13455,0.00021,-0.00272,-5.5640,0.0150,25.00
119.2,1.82238,0.03749,-0.03360,0.16706,1.4117,0.0150,25.00
119.3,-1.47599,1.25657,-0.02277,0.14727,-1.9611,0.0150,25.00
119.4,0.85701,5.46500,0.00453,0.04799,-0.0987,0.0150,25.00
119.5,0.85366,-0.52093,0.00530,0.06045,1.2431,0.0150,25.00
119.6,-3.53184,3.03421,0.00049,0.05654,-0.4979,0.0150,25.00
119.7,1.82226,-1.82159,0.00379,0.04726,1.5673,0.0150,25.00
119.8,-1.60321,0.47115,0.00192,0.04675,0.6060,0.0150,25.00
119.9,2.84470,-1.83941,-0.01000,-0.02107,-2.1837,0.0150,25.00
120.0,-0.11108,1.40132,-0.00090,0.01393,-0.5033,0.0150,25.00
120.1,-4.02102,5.61368,0.00417,0.00398,-0.9638,0.0150,25.00
120.2,-1.50981,-0.87773,0.01679,0.05344,2.1692,0.0150,25.00
120.3,-0.66660,-3.45773,0.03563,0.04820,3.0279,0.0150,25.00
120.4,3.08018,1.80806,-0.06025,-0.03270,-5.4852,0.0150,25.00
120.5,-6.65351,2.53235,-0.01611,0.00101,-4.8376,0.0150,25.00
120.7,-5.98174,6.57926,0.01399,-0.02237,-0.5854,0.0150,25.00
120.8,-3.74427,-10.46183,-0.01408,0.05322,0.8665,0.0150,25.00
120.9,-1.43816,7.27176,0.03576,0.00974,2.2177,0.0150,25.00
121.0,2.44786,0.76223,-0.06624,-0.04159,-5.5994,0.0150,25.00
121.1,-4.85449,4.80729,-0.00967,-0.01632,-2.3623,0.0150,25.00
121.2,-2.32853,11.00863,-0.00306,-0.07017,-3.9487,0.0150,25.00
121.3,-4.87158,-1.70854,0.02826,0.05571,2.7868,0.0150,25.00
121.4,1.66750,1.92309,0.07913,0.03440,4.8548,0.0150,25.00
121.5,0.93608,-11.03253,-0.13310,-0.02726,-9.3427,0.0150,25.00
121.6,-9.16710,3.30387,-0.00625,-0.01265,-2.0458,0.0150,25.00
121.7,-1.80927,4.93444,0.03054,-0.05303,-0.6724,0.0150,25.00
121.8,0.40667,2.56878,0.01241,0.01277,-1.4956,0.0150,25.00
121.9,-2.45323,4.87803,-0.00129,0.02157,-1.3397,0.0150,25.00
122.0,1.12078,-2.32907,0.00140,0.02014,0.5135,0.0150,25.00
122.1,0.22632,5.43684,0.01973,0.01608,0.0285,0.0150,25.00
122.2,4.80335,13.78390,0.02442,-0.06728,-1.4852,0.0150,25.00
122.3,-2.26029,3.56636,0.02969,0.04957,2.4523,0.0150,25.00
122.4,1.59190,2.97669,0.03993,0.00403,2.2544,0.0150,25.00
122.5,-0.72445,-8.82006,-0.08311,0.00491,-5.0611,0.0150,25.00
122.6,-3.67603,3.50497,0.03035,-0.00462,0.5710,0.0150,25.00
122.7,5.73849,4.72241,-0.02339,-0.06478,-5.5258,0.0150,25.00
122.8,-3.83988,12.09289,0.00858,0.01344,-4.8359,0.0150,25.00
122.9,-5.30947,6.70747,-0.00263,-0.01531,-1.1396,0.0150,25.00
123.0,-3.07093,-7.43803,-0.03126,0.02312,-1.8377,0.0150,25.00
123.1,-1.59667,2.88694,0.03971,0.01971,2.9105,0.0150,25.00
123.2,2.81003,-2.94433,-0.06461,-0.02398,-5.6481,0.0150,25.00
123.3,-8.02537,1.12066,0.03834,0.04957,-0.4880,0.0150,25.00
123.4,8.14109,16.73915,0.06177,-0.06643,0.4840,0.0150,25.00
123.5,-4.49377,-15.73962,-0.08207,0.05125,-4.7224,0.0150,25.00
123.6,-2.78609,2.72797,0.05085,0.00955,3.3611,0.0150,25.00
123.7,2.24840,-2.36496,-0.08315,-0.06405,-8.1239,0.0150,25.00
123.8,-8.95855,2.39411,-0.04860,-0.01644,-4.9944,0.0150,25.00
123.9,-7.11422,4.18858,0.00317,-0.04199,-2.9906,0.0150,25.00
124.0,-1.85141,7.01775,0.02954,0.02387,1.5527,0.0150,25.00
124.1,-2.26544,4.80903,0.02545,0.03619,0.6669,0.0150,25.00
124.3,3.33107,-0.68168,-0.03129,0.00259,-2.0787,0.0150,25.00
124.3,-2.57636,1.10375,0.05318,0.05202,2.2085,0.0150,25.00
124.4,7.93676,23.57289,-0.01226,-0.07564,-4.8456,0.0150,25.00
124.5,-12.88601,10.61055,-0.06993,0.02506,-10.2668,0.0150,25.00
124.6,-8.89363,0.20649,0.00875,-0.01940,-2.9190,0.0150,25.00
124.7,1.40122,-2.06466,0.01519,-0.00512,1.8469,0.0150,25.00
124.8,-0.65281,3.99364,0.01272,0.02720,-0.8588,0.0150,25.00
125.0,3.70352,5.83370,0.03408,-0.02732,1.2811,0.0150,25.00
125.1,1.50949,0.04929,0.02800,0.03698,0.4959,0.0150,25.00
125.2,-3.07682,5.41565,0.02576,0.04302,2.1552,0.0150,25.00
125.4,1.89616,-4.12842,-0.00011,0.03780,1.6584,0.0150,25.00
125.4,1.13583,2.12469,0.06224,0.04876,5.7654,0.0150,25.00
125.5,7.24469,5.29571,-0.11861,-0.08737,-13.0422,0.0150,25.00
125.6,-15.82452,0.53171,-0.09224,-0.01608,-11.2846,0.0150,25.00
125.7,-11.68520,6.77310,-0.00772,-0.05857,-3.1156,0.0150,25.00
125.8,-0.44783,10.88779,0.01834,-0.02094,0.3176,0.0150,25.00
125.9,-2.84450,1.68807,-0.00285,0.01837,-0.6395,0.0150,25.00
126.0,2.70473,0.45583,0.00688,-0.02277,-0.3982,0.0150,25.00
126.1,0.97256,3.75678,0.00530,0.00856,-0.0334,0.0150,25.00
126.2,-3.46102,5.41069,0.02587,0.01306,0.6402,0.0150,25.00
126.3,2.40972,10.77337,0.04822,0.04425,2.4314,0.0150,25.00
126.4,-0.09687,1.84978,0.02525,0.05324,3.0096,0.0150,25.00
126.5,3.41694,1.16604,-0.04176,-0.02518,-2.8108,0.0150,25.00
126.6,-3.12232,2.92905,0.00528,0.01098,0.0193,0.0150,25.00
126.7,0.33256,13.49277,0.00245,-0.07097,-2.2181,0.0150,25.00
126.8,-5.84882,-8.89154,0.00988,0.06969,4.0507,0.0150,25.00
126.9,5.55847,16.92918,0.12577,-0.01728,8.5146,0.0150,25.00
127.0,2.01099,-9.18357,-0.12109,-0.01684,-7.9063,0.0150,25.00
127.1,-6.90396,3.45650,0.06920,0.01226,5.0457,0.0150,25.00
127.2,12.22468,24.47387,0.02420,-0.09351,-6.8401,0.0150,25.00
127.3,-8.82326,7.60768,-0.07764,0.05969,-4.9365,0.0150,25.00
127.4,-8.41699,4.82861,-0.01148,-0.02306,-3.5122,0.0150,25.00
127.5,-0.19072,-2.10136,-0.00834,-0.00663,-0.9610,0.0150,25.00
127.6,-1.23139,2.78439,0.00415,0.00784,-1.2049,0.0150,25.00
127.7,1.74301,2.68536,0.00459,-0.03869,-1.9501,0.0150,25.00
127.8,-1.86955,6.60041,0.03596,0.04032,0.5674,0.0150,25.00
128.1,-0.16974,7.60173,0.03294,0.01688,1.8426,0.0150,25.00
128.1,-0.80155,-6.91676,-0.06486,0.00394,-3.3571,0.0150,25.00
128.1,-4.33504,1.26889,0.01614,0.00380,-0.0094,0.0150,25.00
128.2,3.86327,-2.45040,-0.03366,-0.03192,-4.1964,0.0150,25.00
128.3,-3.44869,7.83437,0.02145,0.04498,-1.6173,0.0150,25.00
128.4,-1.68778,6.37932,0.02419,-0.00404,1.7361,0.0150,25.00
128.5,-0.94627,-6.08723,-0.02713,0.02025,0.0153,0.0150,25.00
128.6,-1.04103,6.37334,0.05756,0.00638,3.1413,0.0150,25.00
128.7,5.98491,7.20716,-0.07183,-0.07640,-8.6634,0.0150,25.00
128.8,-8.99787,2.11614,-0.03763,-0.01272,-5.6578,0.0150,25.00
128.9,-7.85166,3.53970,0.01708,-0.02486,-2.7108,0.0150,25.00
129.0,0.33382,5.39805,0.04539,0.02954,2.9313,0.0150,25.00
129.1,-1.73848,-4.04231,0.06495,0.08539,6.0929,0.0150,25.00
129.3,5.65538,-12.27063,-0.10522,-0.01182,-7.1948,0.0150,25.00
129.4,-9.08730,6.52633,0.02142,0.03717,-1.1618,0.0150,25.00
129.5,3.94218,17.76565,0.02962,-0.09300,-1.4871,0.0150,25.00
129.6,-4.88897,-1.66838,-0.04839,0.04340,-1.3794,0.0150,25.00
129.7,-4.06321,5.08415,0.01942,0.00451,-0.6737,0.0150,25.00
129.8,1.78228,-4.39030,-0.02800,-0.00251,-0.7585,0.0150,25.00
129.9,-3.18059,-1.88457,0.07194,0.05916,4.6764,0.0150,25.00
130.0,11.96742,20.62011,-0.05730,-0.10739,-11.7281,0.0150,25.00
130.1,-13.94705,10.00019,-0.05463,0.04745,-7.9081,0.0150,25.00
130.2,-7.03390,0.95066,0.03971,-0.00190,1.4836,0.0150,25.00
130.3,3.39827,-5.86220,0.02438,0.02492,4.2016,0.0150,25.00
130.4,2.18289,2.77895,0.01373,0.03455,-0.4873,0.0150,25.00
130.5,6.61347,9.55700,-0.00816,-0.07402,-5.1520,0.0150,25.00
130.6,-3.02056,9.78206,0.02476,0.04623,0.4634,0.0150,25.00
130.7,-0.85071,7.81900,0.02354,-0.00160,0.6278,0.0150,25.00
130.8,-1.44175,-8.67650,-0.06119,-0.00023,-3.0264,0.0150,25.00
130.9,-3.50428,0.43628,0.03032,0.01283,2.0348,0.0150,25.00
131.0,1.57449,0.64946,-0.04019,-0.02945,-3.8913,0.0150,25.00
131.1,-5.79770,10.82298,0.03322,0.04749,-1.5926,0.0150,25.00
131.2,5.03863,18.83410,0.06118,-0.04560,4.2781,0.0150,25.00
131.3,-2.39447,-14.00112,-0.09848,0.02133,-5.5233,0.0150,25.00
131.4,-4.00875,6.08478,0.02398,-0.01535,-0.5093,0.0150,25.00
131.5,4.63901,-3.74706,-0.03615,-0.05953,-6.4252,0.0150,25.00
131.6,-4.39317,6.92074,0.00260,0.01212,-3.5291,0.0150,25.00
131.7,-4.22174,6.57320,-0.00148,-0.02461,-1.9331,0.0150,25.00
131.8,-5.37806,-8.87995,-0.00838,0.05434,1.2235,0.0150,25.00
131.9,0.10033,7.27486,0.07024,0.02020,4.9647,0.0150,25.00
132.0,5.00845,-7.65488,-0.11640,-0.03469,-10.0301,0.0150,25.00
132.1,-10.85155,1.47097,-0.02539,-0.00566,-5.1322,0.0150,25.00
132.2,-3.78600,8.84884,0.01170,-0.07076,-1.0766,0.0150,25.00
132.3,-1.86094,8.40837,0.02477,0.01261,-0.4184,0.0150,25.00
132.4,-2.39429,1.23513,0.02614,0.03833,1.7890,0.0150,25.00
132.5,4.02099,1.06803,-0.01097,-0.00881,-0.4341,0.0150,25.00
132.6,-1.07288,-0.48015,0.05188,0.05007,3.8662,0.0150,25.00
132.7,7.27644,14.20516,-0.00907,-0.03750,-4.1543,0.0150,25.00
132.8,-8.81805,-0.00295,-0.02376,0.09106,0.0480,0.0150,25.00
132.9,-0.64909,7.59451,0.08121,0.00353,5.8856,0.0150,25.00
133.0,-0.40633,-10.40540,-0.11519,-0.00505,-6.2148,0.0150,25.00
133.1,-6.93986,4.96305,0.04227,-0.01407,2.6602,0.0150,25.00
133.2,7.80103,17.10928,0.01217,-0.11877,-5.3840,0.0150,25.00
133.3,-5.06870,2.47611,0.01712,0.07225,2.3355,0.0150,25.00
133.4,1.08237,0.35284,0.06235,0.01454,4.4226,0.0150,25.00
133.6,-1.14493,-10.62763,-0.09127,0.00484,-5.6911,0.0150,25.00
133.7,-5.22406,5.53642,0.07158,0.00945,5.9197,0.0150,25.00
133.8,5.78060,13.81912,-0.05617,-0.09387,-7.6622,0.0150,25.00
133.9,-10.48622,10.31776,-0.10181,-0.02088,-15.7245,0.0150,25.00
134.0,-11.56324,7.79054,-0.02053,-0.04666,-4.5161,0.0150,25.00
134.1,-1.97353,14.19612,0.00063,-0.02578,-2.8644,0.0150,25.00
134.2,-4.66044,-0.22008,-0.00669,0.01929,-0.3302,0.0150,25.00
134.3,2.44614,2.17922,0.02150,-0.02887,0.1759,0.0150,25.00
134.4,2.22010,6.69159,0.00996,0.01346,0.5604,0.0150,25.00
134.5,-3.56768,3.51753,0.01166,0.01713,-0.4471,0.0150,25.00
134.6,-0.04052,6.88575,0.03425,0.05787,2.0105,0.0150,25.00
134.7,-0.51291,0.76434,0.04768,0.05842,4.9829,0.0150,25.00
134.8,4.26949,-0.61979,-0.03398,-0.01251,-2.4931,0.0150,25.00
134.9,-2.60532,5.00625,0.05198,0.05252,2.6334,0.0150,25.00
135.0,7.49709,20.55454,-0.02364,-0.06649,-5.5444,0.0150,25.00
135.1,-12.31900,1.78624,-0.09802,0.05002,-6.8987,0.0150,25.00
135.2,-6.95192,0.82609,0.04912,-0.00024,2.3545,0.0150,25.00
135.3,5.66023,-5.02985,0.03306,0.01017,4.4092,0.0150,25.00
135.4,3.67884,5.93421,0.00996,0.02020,-1.0134,0.0150,25.00
135.5,1.67459,6.90417,-0.01308,-0.04635,-3.5248,0.0150,25.00
135.6,-4.01035,2.15237,0.01908,0.03551,-0.0698,0.0150,25.00
135.7,-1.47033,4.01276,0.03046,0.01220,0.3098,0.0150,25.00
135.8,0.97525,-10.15658,-0.07409,0.00866,-4.5981,0.0150,25.00
135.9,-3.08870,2.02883,0.01717,0.00292,1.3048,0.0150,25.00
136.0,2.15359,-0.27621,-0.03216,-0.05812,-7.4643,0.0150,25.00
136.1,-3.72560,17.76345,0.04088,0.02310,1.1443,0.0150,25.00
136.2,0.00176,-1.40169,0.05441,0.01484,3.4877,0.0150,25.00
136.3,-0.68551,-11.24219,-0.07195,0.00756,-3.4026,0.0150,25.00
136.4,-3.42973,-0.07275,0.09093,0.03419,7.0873,0.0150,25.00
136.5,7.29155,5.02267,-0.10888,-0.09079,-11.8724,0.0150,25.00
136.6,-15.62333,3.89257,-0.05987,0.00688,-8.3466,0.0150,25.00
136.7,-9.71497,5.96745,0.01774,-0.02676,0.7970,0.0150,25.00
136.8,1.14319,7.53738,0.02789,0.00635,2.8203,0.0150,25.00
136.9,-2.04722,1.79042,0.01608,0.04094,2.1966,0.0150,25.00
137.0,5.40482,-3.77319,0.00716,-0.01236,0.0123,0.0150,25.00
137.1,1.91759,2.88457,-0.00012,0.01565,-0.4161,0.0150,25.00
137.2,-2.27689,8.75557,0.00915,-0.00921,-1.5594,0.0150,25.00
137.3,-2.40811,1.60384,0.01884,0.05345,1.8940,0.0150,25.00
137.4,-0.31941,2.44127,0.03183,0.03411,2.8351,0.0150,25.00
137.6,3.22823,-0.98704,-0.03026,-0.00751,-1.5975,0.0150,25.00
137.7,-2.66834,6.68367,0.05250,0.04651,2.2785,0.0150,25.00
137.8,6.01477,17.29776,-0.02277,-0.06113,-5.2448,0.0150,25.00
137.9,-10.42560,5.76980,-0.07085,0.05707,-4.0284,0.0150,25.00
138.0,-6.05635,3.51586,0.04122,-0.00398,1.6480,0.0150,25.00
138.1,4.50163,-6.53607,0.01797,-0.00293,3.0438,0.0150,25.00
138.2,1.10713,2.47177,-0.00840,0.02424,-1.8222,0.0150,25.00
138.3,0.56717,4.59354,-0.01383,-0.03979,-2.8473,0.0150,25.00
138.4,-3.33915,7.56412,0.00174,0.01985,-1.3736,0.0150,25.00
138.5,-3.32882,5.04997,0.01329,0.00584,0.1917,0.0150,25.00
138.6,0.45289,-3.66836,-0.03329,0.01086,-1.2367,0.0150,25.00
138.7,-1.44972,3.94949,0.04682,0.01992,3.8577,0.0150,25.00
138.8,5.58018,5.30040,-0.02504,-0.04350,-6.2670,0.0150,25.00
138.9,-7.29126,11.70076,0.00726,0.06750,1.1389,0.0150,25.00
139.0,-0.24446,5.18888,0.05124,-0.01510,3.3099,0.0150,25.00
139.1,-1.23311,-9.39191,-0.07498,-0.00223,-3.5630,0.0150,25.00
139.2,-3.60850,4.80254,0.04858,0.00105,2.9625,0.0150,25.00
139.3,3.56253,6.12474,-0.04109,-0.05311,-5.2068,0.0150,25.00
139.4,-7.30947,14.18078,-0.03054,-0.00048,-7.7187,0.0150,25.00
139.5,-7.92770,8.42596,-0.01489,-0.03826,-3.0653,0.0150,25.00
139.6,-3.80978,-2.22060,-0.02374,0.01603,-1.7646,0.0150,25.00
139.7,-4.34934,0.36716,-0.00388,0.01344,-0.6114,0.0150,25.00
139.8,2.94895,-5.81212,-0.02608,-0.01621,-2.3674,0.0150,25.00
139.9,-1.59961,10.83593,0.03559,0.02069,0.7411,0.0150,25.00
140.0,1.09717,6.56375,0.01399,-0.03127,-1.1985,0.0150,25.00
140.1,-2.89466,-8.37085,-0.03617,0.04300,-0.6072,0.0150,25.00
140.2,-0.82278,6.93740,0.05592,0.00898,3.2641,0.0150,25.00
140.3,4.10253,-2.73675,-0.08539,-0.04031,-7.1520,0.0150,25.00
140.4,-7.17361,4.80960,0.01360,0.00186,-0.3373,0.0150,25.00
140.5,-1.59204,6.05104,0.03312,-0.04343,0.4669,0.0150,25.00
140.6,-3.17797,-4.51457,0.00106,0.05617,2.2669,0.0150,25.00
140.7,1.21285,7.85384,0.06746,0.02489,4.0765,0.0150,25.00
140.8,1.65945,-10.16632,-0.11545,-0.01264,-7.0041,0.0150,25.00
140.9,-7.53139,0.34088,0.00757,-0.00779,-1.4111,0.0150,25.00
141.0,-0.53969,11.88767,0.01911,-0.06963,-1.4454,0.0150,25.00
141.1,-4.17413,2.89519,-0.00047,0.04145,1.4557,0.0150,25.00
141.2,-2.94238,0.71508,0.01683,0.02744,-0.2881,0.0150,25.00
141.3,0.78408,-3.31049,-0.04206,0.00012,-2.9780,0.0150,25.00
141.4,-2.41116,0.99502,0.06743,0.03911,6.0958,0.0150,25.00
141.5,9.17840,20.81054,-0.02814,-0.08804,-8.2238,0.0150,25.00
141.6,-13.12068,9.49790,-0.03298,0.02281,-7.3084,0.0150,25.00
141.7,-8.05590,-0.47463,0.03849,0.00669,3.1432,0.0150,25.00
141.8,2.87197,0.37793,0.03651,0.02684,3.7295,0.0150,25.00
142.0,1.86325,1.63646,0.03003,0.05972,2.4829,0.0150,25.00
142.1,5.38990,10.15042,-0.03879,-0.03210,-4.3951,0.0150,25.00
142.2,-6.71091,7.55259,-0.00821,0.01841,-5.2427,0.0150,25.00
142.3,-6.07966,7.21519,0.00955,-0.01113,0.3628,0.0150,25.00
142.4,-2.82139,-8.82110,-0.02813,0.02645,-1.6266,0.0150,25.00
142.5,-1.39585,4.81480,0.04016,0.01033,2.5334,0.0150,25.00
142.6,1.56804,-0.95345,-0.04456,-0.02694,-3.7886,0.0150,25.00
142.7,-6.17474,-0.63929,0.03208,0.05005,0.2907,0.0150,25.00
142.8,7.90051,24.40042,0.05463,-0.07455,1.5315,0.0150,25.00
142.9,-6.72326,-12.87098,-0.06978,0.07628,-1.4007,0.0150,25.00
143.0,-3.89164,4.41405,0.04021,-0.00908,2.0403,0.0150,25.00
143.1,2.40192,-2.73301,-0.04670,-0.03494,-3.1986,0.0150,25.00
143.2,-3.59215,1.78222,0.02300,0.02805,0.2607,0.0150,25.00
143.3,6.57212,17.69089,0.00872,-0.07891,-2.9246,0.0150,25.00
143.4,-5.58373,-2.52651,-0.02600,0.06676,0.0299,0.0150,25.00
143.5,-1.96091,7.68294,0.04258,0.00125,2.3194,0.0150,25.00
143.6,2.09242,0.72740,-0.05310,-0.04319,-5.3394,0.0150,25.00
143.7,-4.26124,5.81306,0.02655,-0.00039,0.8929,0.0150,25.00
143.8,7.40730,18.27394,0.01957,-0.09892,-4.0604,0.0150,25.00
143.9,-4.58615,-1.67910,0.00787,0.08131,2.0972,0.0150,25.00
144.0,1.29470,2.79504,0.06573,0.01514,4.0145,0.0150,25.00
144.1,-1.69109,-8.23572,-0.11722,-0.00712,-7.5714,0.0150,25.00
144.2,-7.22251,6.85956,0.03255,-0.01933,0.8974,0.0150,25.00
144.3,2.88838,6.08202,0.03403,-0.05503,0.2611,0.0150,25.00
144.4,-0.61859,4.46237,0.03188,0.04292,0.9831,0.0150,25.00
144.5,-0.83483,4.39229,0.04276,0.03687,1.7584,0.0150,25.00
144.6,-1.16335,-12.10546,-0.06159,0.03084,-1.5046,0.0150,25.00
144.7,-3.43192,-0.13814,0.07470,0.02618,5.8563,0.0150,25.00
144.8,8.05853,11.76800,-0.09835,-0.11363,-11.7641,0.0150,25.00
144.9,-15.16758,-0.53507,-0.08202,-0.01706,-10.0045,0.0150,25.00
145.0,-10.82066,4.74302,-0.00584,-0.05400,-2.6142,0.0150,25.00
145.1,-0.44765,14.11195,0.02610,-0.01708,-0.5468,0.0150,25.00
145.2,-2.76828,1.92851,0.00902,0.02658,0.8713,0.0150,25.00
145.3,3.72438,-5.33617,0.01552,0.00380,1.5739,0.0150,25.00
145.4,2.74851,6.37857,-0.00287,0.00854,-0.5503,0.0150,25.00
145.5,-4.40042,1.28457,-0.00032,0.01338,-1.0759,0.0150,25.00
145.6,1.31829,14.78125,0.04129,0.02510,1.0554,0.0150,25.00
145.7,-1.27555,1.36161,0.00789,0.03371,1.0714,0.0150,25.00
145.8,3.25329,-4.68375,-0.01599,-0.00102,-0.4051,0.0150,25.00
145.9,0.45792,7.88389,0.04919,0.02186,4.0914,0.0150,25.00
146.1,9.14607,24.42794,0.04002,-0.06842,-0.3800,0.0150,25.00
146.2,-5.08350,-9.65171,-0.04569,0.07795,-0.8529,0.0150,25.00
146.3,-2.00908,2.93428,0.04562,0.00116,2.2775,0.0150,25.00
146.4,1.62847,-7.42628,-0.08721,-0.02821,-6.6654,0.0150,25.00
146.5,-5.62743,4.95025,0.01952,-0.00790,0.1029,0.0150,25.00
146.6,2.88548,14.88117,0.03114,-0.08234,-0.4013,0.0150,25.00
146.7,-4.09425,-7.01231,0.00042,0.07673,3.1495,0.0150,25.00
146.8,6.56278,16.75933,0.09103,-0.02696,6.2818,0.0150,25.00
146.9,-0.30392,-10.57157,-0.12118,-0.00777,-8.1149,0.0150,25.00
147.0,-7.51846,5.31987,0.04297,-0.00811,1.4646,0.0150,25.00
147.1,4.79384,14.39785,0.04164,-0.08399,-0.2708,0.0150,25.00
147.2,-2.85440,5.91487,0.02662,0.06502,2.1448,0.0150,25.00
147.3,2.58725,4.58122,0.04488,-0.00464,3.7224,0.0150,25.00
147.4,-1.37365,-8.90700,-0.09205,0.00309,-5.5993,0.0150,25.00
147.5,-4.85246,7.89038,0.05218,-0.01458,3.5487,0.0150,25.00
147.6,3.16426,1.07513,-0.05340,-0.04595,-5.7238,0.0150,25.00
147.7,-6.46331,10.12280,-0.00230,0.00856,-4.9030,0.0150,25.00
147.8,-5.71523,6.93147,-0.00403,-0.02095,-1.2583,0.0150,25.00
147.9,-1.70628,-8.29857,-0.03811,0.02187,-2.9065,0.0150,25.00
148.0,-1.46477,6.07496,0.04556,0.01081,2.8524,0.0150,25.00
148.1,2.83224,-0.01440,-0.04506,-0.03340,-3.8938,0.0150,25.00
148.2,-7.39834,-0.17336,0.03748,0.05968,-0.4938,0.0150,25.00
148.3,8.99522,17.65243,0.03955,-0.07048,-2.9632,0.0150,25.00
148.4,-8.27975,-10.33649,-0.10000,0.06049,-5.1605,0.0150,25.00
148.5,-6.29366,4.22414,0.02023,-0.02265,-0.0816,0.0150,25.00
148.6,1.98366,-7.93033,0.00946,-0.01550,1.5679,0.0150,25.00
148.7,1.21505,5.86986,0.02967,0.01968,3.2175,0.0150,25.00
148.8,1.69619,7.36541,0.02278,-0.02448,0.4591,0.0150,25.00
148.9,-3.34960,-3.02832,0.00415,0.06999,3.2710,0.0150,25.00
149.0,0.24759,7.74733,0.06504,0.01864,4.4423,0.0150,25.00
149.1,2.25106,-10.70777,-0.11969,-0.02626,-8.8009,0.0150,25.00
149.2,-7.65036,2.58712,-0.01670,-0.01626,-3.4226,0.0150,25.00
149.3,-2.05111,5.55447,0.00673,-0.06885,-2.3549,0.0150,25.00
149.4,-1.21111,7.06079,0.03468,0.01712,0.3421,0.0150,25.00
149.5,-3.13217,0.85613,0.04269,0.05273,3.2788,0.0150,25.00
149.6,2.51080,-8.89547,-0.03416,0.01804,-1.7731,0.0150,25.00
149.7,-2.41468,3.68845,0.05335,0.02756,4.5105,0.0150,25.00
149.8,6.01492,10.41081,-0.07201,-0.09422,-11.0847,0.0150,25.00
149.9,-13.43182,6.43059,-0.07153,0.01444,-11.8072,0.0150,25.00
150.0,-9.42570,4.02157,0.02015,-0.02569,-0.1795,0.0150,25.00
150.1,1.87358,6.76489,0.03060,0.01803,2.3426,0.0150,25.00
150.2,-1.47690,-0.91535,0.01635,0.04852,2.4861,0.0150,25.00
150.3,6.47799,5.73832,0.03186,-0.03025,1.9859,0.0150,25.00
150.4,1.74794,4.24538,0.02015,0.03630,0.7367,0.0150,25.00
150.6,-2.79936,5.99392,0.01834,0.01765,0.1079,0.0150,25.00
150.7,-1.51675,-9.22424,-0.03747,0.03314,-1.1428,0.0150,25.00
150.8,-1.14640,7.22410,-0.00582,-0.01521,-1.6867,0.0150,25.00
150.9,-0.62074,-5.83741,-0.06170,-0.03148,-4.9721,0.0150,25.00
151.0,-3.83123,7.83980,0.04227,0.00803,0.9047,0.0150,25.00
151.1,5.85359,16.79350,0.05032,-0.05899,0.9729,0.0150,25.00
151.2,-3.83652,-14.42907,-0.03865,0.07621,0.3474,0.0150,25.00
151.3,4.57116,15.72003,0.12797,-0.03171,8.1693,0.0150,25.00
151.4,1.15638,-6.06125,-0.15513,-0.05153,-11.3269,0.0150,25.00
151.5,-11.94825,0.54706,-0.00427,-0.01301,-0.7463,0.0150,25.00
151.6,-3.15415,7.92752,0.02489,-0.05990,-0.7826,0.0150,25.00
151.7,-1.30846,8.22829,-0.00560,0.00360,-3.5953,0.0150,25.00
151.8,-5.37630,3.04534,-0.01055,0.01264,-1.5671,0.0150,25.00
151.9,0.12185,-6.34170,-0.00242,0.00621,1.7672,0.0150,25.00
152.0,-0.03250,6.46899,0.00104,0.01059,-0.6963,0.0150,25.00
152.1,-0.28175,5.82675,0.01075,-0.02244,-1.6069,0.0150,25.00
152.2,-0.99799,9.38246,0.00638,0.02189,-2.5210,0.0150,25.00
152.3,-4.42301,-1.46568,-0.00908,0.02131,-1.0355,0.0150,25.00
152.4,0.81263,-3.62130,-0.00054,0.01356,0.5972,0.0150,25.00
152.5,1.10473,4.75050,0.02938,0.00494,-0.3403,0.0150,25.00
152.6,5.95606,12.74284,0.00425,-0.06739,-2.8848,0.0150,25.00
152.7,-2.46813,4.04012,0.06760,0.07973,6.2562,0.0150,25.00
152.8,12.77833,21.27770,0.08592,-0.03645,1.7303,0.0150,25.00
152.9,-3.78766,-15.09423,-0.15483,0.02439,-9.8511,0.0150,25.00
153.0,-5.26880,12.34859,-0.00025,-0.07438,-3.7831,0.0150,25.00
153.1,-1.81327,0.40816,-0.02451,-0.07366,-3.8615,0.0150,25.00
153.2,-2.28106,2.81362,-0.00542,-0.02547,-0.2997,0.0150,25.00
153.3,-5.03715,7.02299,0.02082,0.00286,-0.0211,0.0150,25.00
153.5,1.54378,3.15235,0.02718,0.03499,3.2503,0.0150,25.00
153.5,-1.41657,-2.54806,0.01939,0.05728,2.5689,0.0150,25.00
153.7,7.95698,-1.45260,0.01134,-0.01210,-0.9200,0.0150,25.00
153.7,1.17772,-2.10389,0.02487,0.04468,1.4207,0.0150,25.00
153.8,3.94238,14.81198,0.05600,-0.03679,0.5198,0.0150,25.00
153.9,-3.67010,-17.71529,-0.03405,0.08119,1.2193,0.0150,25.00
154.0,2.73799,8.40317,0.10682,-0.00786,7.2314,0.0150,25.00
154.1,1.50825,-7.96500,-0.14869,-0.05733,-10.6492,0.0150,25.00
154.2,-12.89622,-5.44618,-0.00921,-0.00100,-1.2678,0.0150,25.00
154.4,-1.64290,4.68817,0.00649,-0.06011,-0.7682,0.0150,25.00
154.4,-0.52460,9.53322,-0.00614,-0.00703,-4.2050,0.0150,25.00
154.5,-5.19998,5.80245,-0.01614,0.00744,-2.6321,0.0150,25.00
154.6,0.62056,-5.24111,-0.01273,-0.00791,-0.2738,0.0150,25.00
154.8,0.66760,12.47944,0.01129,-0.00761,-0.4521,0.0150,25.00
154.9,0.60819,8.09644,0.00359,-0.04112,-1.7117,0.0150,25.00
155.0,-0.53405,9.32969,0.02028,0.01532,-0.8521,0.0150,25.00
155.1,-2.79569,3.52609,0.01117,0.01894,-1.1587,0.0150,25.00
155.2,2.78939,-1.31185,-0.00949,0.00585,0.8026,0.0150,25.00
155.3,-0.30652,1.20999,-0.01121,0.01156,-2.4550,0.0150,25.00
155.4,0.75638,1.74043,-0.02552,-0.05519,-3.8282,0.0150,25.00
155.5,-3.15537,12.98105,0.04478,0.02002,0.4625,0.0150,25.00
155.6,-2.76616,15.96860,0.07888,-0.04773,0.9602,0.0150,25.00
155.7,-2.76612,15.96891,0.05511,-0.03889,-0.8568,0.0150,25.00
155.8,-2.76612,15.96891,0.03471,-0.02525,-2.4494,0.0150,25.00
155.9,-2.76612,15.96891,0.02112,-0.01551,-3.5142,0.0150,25.00
156.0,-2.76612,15.96891,0.01271,-0.00936,-4.1736,0.0150,25.00
156.1,-2.76612,15.96891,0.00724,-0.00534,-4.6026,0.0150,25.00
156.2,-2.76612,15.96891,0.00434,-0.00320,-4.8305,0.0150,25.00
156.3,-2.76612,15.96891,0.00260,-0.00192,-4.9671,0.0150,25.00
156.4,-2.76612,15.96891,0.00156,-0.00115,-5.0489,0.0150,25.00
156.5,-2.24720,0.76906,-0.02530,0.04126,-2.7532,0.0150,25.00
156.6,-6.03245,5.29220,-0.03417,0.07049,-2.5652,0.0150,25.00
156.7,-3.59199,0.52336,-0.00586,0.09642,0.3067,0.0150,25.00
156.8,-2.02899,1.52178,0.00461,0.05486,0.4128,0.0150,25.00
156.9,0.45587,-4.42640,-0.05316,0.01224,-1.8679,0.0150,25.00
157.0,-1.61491,9.77306,0.03891,0.00938,-0.2938,0.0150,25.00
157.1,5.94742,17.00708,0.00441,-0.08446,-3.5429,0.0150,25.00
157.2,-6.22866,-8.23855,-0.04929,0.07099,-0.9709,0.0150,25.00
157.3,-2.32680,8.70596,0.01662,-0.01393,0.0824,0.0150,25.00
157.4,-0.35239,-4.63833,-0.04342,-0.00943,-2.5191,0.0150,25.00
157.5,-1.79737,2.86156,0.05491,0.01243,1.5057,0.0150,25.00
157.6,6.74412,14.11426,-0.03314,-0.05419,-6.2762,0.0150,25.00
157.7,-10.76884,10.09420,-0.07442,0.04355,-6.5532,0.0150,25.00
157.8,-9.10624,-0.26228,0.01732,-0.01521,-0.0061,0.0150,25.00
157.9,2.36616,-4.48874,0.01921,0.00346,2.7978,0.0150,25.00
158.0,0.35719,-0.05185,0.00405,0.02480,-0.9193,0.0150,25.00
158.1,4.92547,4.22991,0.00051,-0.04286,-1.1784,0.0150,25.00
158.2,-0.33894,8.51932,0.00968,0.01037,-1.4243,0.0150,25.00
158.3,-3.90631,5.72085,-0.00451,0.00313,-1.0882,0.0150,25.00
158.4,-1.21934,-7.25985,-0.00381,0.03555,1.5508,0.0150,25.00
158.5,0.76826,3.22984,0.04378,0.01996,3.0761,0.0150,25.00
158.6,4.32681,5.27192,-0.06404,-0.06024,-6.7611,0.0150,25.00
158.7,-9.65738,3.78614,-0.02857,0.00693,-7.0080,0.0150,25.00
158.8,-6.02723,4.79369,0.00907,-0.02871,-1.2408,0.0150,25.00
158.9,-1.26391,-9.37806,-0.00461,0.04104,0.9306,0.0150,25.00
159.1,-0.96683,-0.62076,0.04798,0.04242,4.4112,0.0150,25.00
159.2,4.40393,4.99268,-0.06506,-0.06614,-6.8034,0.0150,25.00
159.3,-9.18423,-0.17089,-0.02445,0.01441,-6.1684,0.0150,25.00
159.4,-4.44566,5.37893,0.00420,-0.03640,-1.5963,0.0150,25.00
159.5,-2.65218,-3.03146,-0.00877,0.03604,0.9750,0.0150,25.00
159.6,-1.97678,2.81215,0.00710,0.01387,-0.2145,0.0150,25.00
159.7,1.24721,-3.38974,-0.06557,-0.02322,-4.7559,0.0150,25.00
159.8,-4.95134,8.29919,0.03001,0.01042,-1.0459,0.0150,25.00
159.9,6.44864,16.99376,0.00956,-0.09224,-3.7278,0.0150,25.00
160.0,-6.45930,-8.97174,-0.03432,0.07576,0.4066,0.0150,25.00
160.1,-2.23973,4.22268,0.02332,-0.01180,-0.0526,0.0150,25.00
160.2,0.52909,-5.06961,-0.05828,-0.01823,-3.7930,0.0150,25.00
160.3,-4.93585,0.60669,0.07293,0.05107,5.5669,0.0150,25.00
160.4,9.26015,19.06461,-0.02311,-0.09892,-6.7634,0.0150,25.00
160.5,-13.64424,10.22950,-0.07141,0.06120,-7.7808,0.0150,25.00
160.6,-8.47735,0.21046,-0.00082,-0.02346,-2.2027,0.0150,25.00
160.7,0.40391,-6.58542,0.00983,0.01176,2.6746,0.0150,25.00
160.8,-0.74675,-1.13775,0.02320,0.04323,1.4006,0.0150,25.00
160.9,7.16480,12.01493,0.04016,-0.04802,1.8534,0.0150,25.00
161.0,-0.32190,5.36470,0.03859,0.07310,4.4046,0.0150,25.00
161.1,6.71219,14.32405,0.08602,-0.02394,4.9974,0.0150,25.00
161.2,-3.29095,-13.17904,-0.12792,0.02330,-7.6520,0.0150,25.00
161.3,-5.41426,11.84269,0.03429,-0.04356,0.2412,0.0150,25.00
161.4,1.92935,-0.20317,-0.02096,-0.06516,-3.7780,0.0150,25.00
161.5,-2.23705,6.15489,0.00159,-0.00447,-2.5588,0.0150,25.00
161.6,-4.17363,3.31969,-0.00316,-0.01801,-3.4330,0.0150,25.00
161.7,-1.96956,-1.52472,0.00950,0.04730,2.2340,0.0150,25.00
161.8,-0.52763,1.74953,0.05457,0.04102,4.0940,0.0150,25.00
161.9,5.44754,7.78839,-0.05166,-0.05646,-6.5760,0.0150,25.00
162.0,-8.66061,2.70265,-0.00015,0.01754,-2.8371,0.0150,25.00
162.1,-3.58505,9.86606,0.01280,-0.05097,-1.6852,0.0150,25.00
162.2,-5.19637,-9.13885,-0.02784,0.04858,-0.7951,0.0150,25.00
162.3,-2.41952,7.38859,0.02082,0.00729,0.7482,0.0150,25.00
162.4,1.50346,-1.64271,-0.06012,-0.02432,-4.5782,0.0150,25.00
162.5,-3.47302,3.07793,0.02620,0.01584,1.3631,0.0150,25.00
162.6,4.47234,13.98035,0.02318,-0.08150,-1.1119,0.0150,25.00
162.7,-4.65979,-9.79006,-0.01329,0.07817,2.3042,0.0150,25.00
162.8,0.79399,6.01848,0.08885,0.02194,6.1074,0.0150,25.00
163.0,0.29999,-10.15414,-0.13645,-0.02006,-9.2490,0.0150,25.00
163.0,-8.72146,3.98699,0.02085,-0.00628,0.1142,0.0150,25.00
163.2,1.72099,8.73701,0.03158,-0.06622,-1.4618,0.0150,25.00
163.3,-0.70388,6.57362,-0.00461,0.01290,-3.6038,0.0150,25.00
163.4,-4.76267,2.66236,0.00254,0.01975,-1.7970,0.0150,25.00
163.5,0.87445,-3.26168,0.00756,0.01782,0.7958,0.0150,25.00
163.6,0.74378,3.06977,0.03497,0.03438,2.2150,0.0150,25.00
163.7,7.16111,7.02041,-0.01544,-0.02594,-5.4498,0.0150,25.00
163.8,-5.67269,20.35895,0.00233,0.01590,-4.8679,0.0150,25.00
163.9,-5.41101,3.94004,-0.00112,-0.01446,-1.2758,0.0150,25.00
164.0,-2.01775,-4.90190,-0.03270,0.00376,-2.2897,0.0150,25.00
164.1,-1.26243,5.91211,0.04490,0.00702,3.3079,0.0150,25.00
164.2,2.78561,2.86313,-0.06768,-0.04962,-5.7191,0.0150,25.00
164.3,-9.05154,0.58201,-0.00728,0.02240,-3.3596,0.0150,25.00
164.4,-4.27970,11.44213,0.04087,-0.01916,1.5283,0.0150,25.00
164.5,-0.92973,-5.20656,-0.02774,0.03174,-1.7218,0.0150,25.00
164.6,-1.55191,3.66244,0.00834,0.01024,-0.6205,0.0150,25.00
164.7,1.34715,-3.74974,-0.05130,-0.01752,-3.9639,0.0150,25.00
164.8,-4.06775,4.61906,0.05492,0.04822,2.0278,0.0150,25.00